CustomerID,Age,Gender,AnnualIncome,SpendingScore,PurchaseFrequency,AvgPurchaseAmount,TotalPurchaseValue,OnlinePurchasePercentage,RecencyDays,PreferredCategory,Location,MembershipLevel,DiscountUsagePercentage,SatisfactionScore
CUST0001,56,Male,41567,69,5,1021.44,5107.2,15,73,Electronics,Pune,Gold,7,6.6
CUST0002,46,Female,58285,50,11,1487.71,16364.81,62,9,Sports,Kolhapur,Silver,31,7.2
CUST0003,32,Female,51591,48,5,983.94,4919.7,63,19,Beauty,Aurangabad,Platinum,8,7.0
CUST0004,60,Male,60887,43,5,1398.04,6990.2,40,24,Beauty,Mumbai,Basic,41,7.7
CUST0005,25,Female,66246,73,15,1226.0,18390.0,37,89,Beauty,Pune,Gold,22,6.4
CUST0006,38,Male,76653,84,16,823.17,13170.72,87,180,Grocery,Pune,Platinum,18,8.6
CUST0007,56,Female,63449,72,17,1157.25,19673.25,66,8,Home & Lifestyle,Nagpur,Silver,31,9.0
CUST0008,36,Female,75703,99,13,1119.38,14551.94,50,39,Grocery,Nashik,Gold,21,6.1
CUST0009,40,Male,66418,65,11,1319.42,14513.62,30,14,Electronics,Kolhapur,Gold,9,7.0
CUST0010,28,Female,21540,57,9,785.5,7069.5,47,1,Home & Lifestyle,Pune,Basic,77,7.9
CUST0011,28,Female,44335,35,10,1400.8,14008.0,94,1,Grocery,Nagpur,Silver,18,6.5
CUST0012,41,Female,61830,56,12,1232.17,14786.04,58,19,Home & Lifestyle,Nagpur,Basic,2,7.9
CUST0013,53,Female,38387,65,9,1171.88,10546.92,43,20,Grocery,Mumbai,Silver,12,8.0
CUST0014,57,Other,78198,85,17,1621.36,27563.12,66,1,Grocery,Nashik,Basic,16,8.8
CUST0015,41,Female,98677,74,17,1731.2,29430.4,37,35,Electronics,Pune,Gold,37,6.3
CUST0016,20,Male,91813,75,18,1419.41,25549.38,98,10,Fashion,Mumbai,Silver,30,5.8
CUST0017,39,Female,60304,35,7,939.55,6576.85,85,25,Electronics,Aurangabad,Silver,31,6.7
CUST0018,19,Male,97796,73,14,903.2,12644.8,55,11,Fashion,Mumbai,Basic,29,5.7
CUST0019,41,Male,68271,82,13,1177.0,15301.0,41,5,Sports,Kolhapur,Platinum,21,8.7
CUST0020,61,Male,57584,71,11,1121.59,12337.49,5,16,Electronics,Nashik,Basic,29,5.5
CUST0021,47,Female,51505,67,8,1304.63,10437.04,22,8,Fashion,Pune,Basic,34,10.0
CUST0022,55,Female,58346,62,9,1169.49,10525.41,26,23,Grocery,Nashik,Basic,48,9.1
CUST0023,19,Female,56460,61,12,1469.76,17637.12,68,7,Grocery,Mumbai,Platinum,30,7.9
CUST0024,38,Male,68749,54,11,1088.35,11971.85,48,21,Electronics,Mumbai,Platinum,33,9.2
CUST0025,50,Male,68533,78,11,1350.49,14855.39,25,5,Beauty,Pune,Silver,32,4.7
CUST0026,29,Male,65067,72,16,1688.4,27014.4,59,33,Beauty,Mumbai,Gold,38,10.0
CUST0027,39,Female,74613,77,14,1484.39,20781.46,66,42,Fashion,Pune,Basic,39,6.3
CUST0028,61,Male,91194,67,6,1373.57,8241.42,67,4,Fashion,Pune,Platinum,30,7.7
CUST0029,42,Male,85890,35,7,1067.09,7469.63,13,19,Sports,Mumbai,Basic,53,4.4
CUST0030,44,Female,32332,69,10,1033.03,10330.3,52,2,Beauty,Mumbai,Basic,25,7.9
CUST0031,59,Female,18000,34,14,784.82,10987.48,25,47,Home & Lifestyle,Aurangabad,Basic,22,5.5
CUST0032,45,Male,85555,58,8,1176.36,9410.88,75,9,Electronics,Mumbai,Silver,7,7.4
CUST0033,33,Male,34929,63,10,1433.49,14334.9,72,22,Grocery,Nagpur,Gold,28,6.4
CUST0034,32,Male,60055,55,9,1183.6,10652.4,35,22,Grocery,Nashik,Basic,7,5.6
CUST0035,64,Female,39258,72,11,850.84,9359.24,38,77,Fashion,Nagpur,Platinum,32,6.7
CUST0036,61,Male,25356,58,9,1688.52,15196.68,45,24,Grocery,Pune,Silver,23,7.5
CUST0037,20,Female,76912,82,18,1504.73,27085.14,15,26,Grocery,Aurangabad,Basic,52,5.3
CUST0038,54,Female,81701,47,13,861.02,11193.26,62,15,Fashion,Nashik,Silver,15,6.1
CUST0039,24,Female,52317,80,15,1194.4,17916.0,59,89,Beauty,Kolhapur,Silver,22,8.2
CUST0040,38,Male,18000,48,13,1129.27,14680.51,76,45,Beauty,Mumbai,Gold,42,10.0
CUST0041,26,Male,52983,52,6,1728.33,10369.98,41,10,Fashion,Pune,Silver,46,7.9
CUST0042,56,Male,73620,71,24,1022.43,24538.32,41,56,Beauty,Nagpur,Silver,15,5.8
CUST0043,35,Female,32464,18,12,1312.2,15746.4,22,37,Electronics,Pune,Basic,38,6.6
CUST0044,21,Male,69034,73,14,1768.95,24765.3,43,53,Beauty,Mumbai,Silver,29,7.2
CUST0045,42,Female,64663,46,12,1039.39,12472.68,29,52,Electronics,Pune,Platinum,31,7.4
CUST0046,31,Male,77744,46,5,1183.98,5919.9,77,6,Electronics,Nashik,Basic,31,8.6
CUST0047,26,Female,67631,38,8,894.0,7152.0,50,36,Home & Lifestyle,Aurangabad,Gold,44,7.5
CUST0048,43,Female,43592,75,14,1219.74,17076.36,58,10,Grocery,Mumbai,Silver,0,8.6
CUST0049,19,Female,91325,65,9,1373.0,12357.0,57,11,Sports,Kolhapur,Basic,29,6.7
CUST0050,37,Female,61512,90,14,1592.43,22294.02,27,11,Fashion,Mumbai,Platinum,32,9.9
CUST0051,45,Male,64399,54,9,1586.25,14276.25,51,39,Fashion,Mumbai,Silver,32,7.0
CUST0052,64,Male,44468,24,11,854.98,9404.78,68,28,Grocery,Aurangabad,Basic,55,5.7
CUST0053,24,Female,55248,40,13,585.55,7612.15,38,1,Grocery,Aurangabad,Basic,53,10.0
CUST0054,61,Male,45534,78,18,1292.23,23260.14,73,38,Fashion,Kolhapur,Basic,31,4.5
CUST0055,25,Female,61195,60,13,1361.65,17701.45,46,6,Home & Lifestyle,Mumbai,Gold,44,6.1
CUST0056,64,Male,102658,71,15,1516.8,22752.0,44,3,Home & Lifestyle,Nashik,Silver,14,6.3
CUST0057,52,Male,34818,54,7,1072.45,7507.15,67,8,Beauty,Pune,Platinum,39,10.0
CUST0058,31,Male,29502,57,11,1203.93,13243.23,40,14,Sports,Mumbai,Basic,62,9.9
CUST0059,34,Female,97366,99,9,1992.73,17934.57,56,19,Fashion,Mumbai,Basic,53,9.4
CUST0060,53,Male,60395,88,18,1497.71,26958.78,48,1,Home & Lifestyle,Kolhapur,Basic,37,6.7
CUST0061,57,Male,50280,51,7,1092.83,7649.81,58,106,Fashion,Aurangabad,Silver,20,10.0
CUST0062,21,Female,87878,51,4,1167.57,4670.28,13,38,Home & Lifestyle,Mumbai,Platinum,2,8.5
CUST0063,19,Female,51676,51,6,1158.07,6948.42,25,12,Grocery,Pune,Gold,30,8.7
CUST0064,23,Male,105172,87,12,2004.54,24054.48,79,12,Sports,Kolhapur,Basic,18,7.5
CUST0065,59,Male,79914,54,3,1250.75,3752.25,78,18,Home & Lifestyle,Pune,Gold,13,7.1
CUST0066,21,Male,54266,42,10,1174.86,11748.6,45,30,Sports,Nashik,Gold,7,6.8
CUST0067,46,Male,112461,92,14,1410.69,19749.66,50,5,Beauty,Pune,Basic,28,6.9
CUST0068,35,Male,51674,57,6,1562.72,9376.32,61,6,Sports,Mumbai,Gold,25,8.1
CUST0069,43,Female,81326,72,9,1969.93,17729.37,70,59,Beauty,Aurangabad,Basic,39,7.8
CUST0070,61,Female,71584,54,11,1415.94,15575.34,10,9,Grocery,Pune,Basic,26,7.2
CUST0071,51,Female,93638,73,19,1447.75,27507.25,36,14,Fashion,Mumbai,Basic,51,9.5
CUST0072,27,Male,99353,63,18,1411.09,25399.62,58,62,Fashion,Mumbai,Silver,22,2.7
CUST0073,53,Female,65704,81,10,655.82,6558.2,70,33,Electronics,Aurangabad,Silver,13,8.0
CUST0074,31,Male,48425,75,12,1518.82,18225.84,100,13,Grocery,Kolhapur,Basic,38,8.3
CUST0075,48,Male,75119,36,11,1259.61,13855.71,50,35,Grocery,Pune,Basic,64,8.9
CUST0076,65,Male,50090,41,8,1292.77,10342.16,24,1,Grocery,Pune,Gold,30,7.1
CUST0077,32,Female,109295,57,6,1192.45,7154.7,64,40,Sports,Nashik,Platinum,20,8.2
CUST0078,25,Male,68004,54,6,1154.67,6928.02,94,20,Sports,Mumbai,Gold,2,8.7
CUST0079,31,Female,56963,59,7,1133.58,7935.06,57,50,Electronics,Nagpur,Basic,32,9.4
CUST0080,40,Male,69063,40,17,1523.68,25902.56,35,93,Fashion,Pune,Basic,39,6.7
CUST0081,57,Female,35363,34,9,978.46,8806.14,76,98,Grocery,Pune,Basic,29,7.6
CUST0082,38,Female,43624,37,4,1753.67,7014.68,70,72,Fashion,Nagpur,Basic,10,9.7
CUST0083,33,Male,91409,80,17,1573.49,26749.33,32,22,Beauty,Pune,Silver,12,4.0
CUST0084,62,Female,50548,59,9,854.94,7694.46,63,13,Grocery,Kolhapur,Silver,47,6.2
CUST0085,35,Female,41968,41,9,1101.34,9912.06,77,19,Grocery,Pune,Gold,47,9.4
CUST0086,64,Male,76806,73,13,1176.92,15299.96,81,35,Beauty,Pune,Gold,12,8.8
CUST0087,41,Male,91085,66,11,728.94,8018.34,54,65,Beauty,Aurangabad,Basic,45,8.0
CUST0088,43,Male,80817,66,8,1836.29,14690.32,47,7,Electronics,Mumbai,Basic,17,6.5
CUST0089,42,Male,86913,100,12,1721.68,20660.16,82,75,Home & Lifestyle,Nagpur,Gold,46,5.9
CUST0090,62,Male,48351,81,17,1479.02,25143.34,28,51,Grocery,Pune,Basic,39,6.3
CUST0091,58,Female,33720,27,4,1108.78,4435.12,65,136,Fashion,Nashik,Basic,49,9.5
CUST0092,46,Female,98029,94,13,1105.48,14371.24,25,64,Electronics,Nagpur,Basic,9,6.3
CUST0093,32,Female,57901,76,12,1182.62,14191.44,78,10,Grocery,Mumbai,Basic,45,7.4
CUST0094,62,Male,59482,41,7,1444.98,10114.86,49,3,Fashion,Kolhapur,Basic,35,6.1
CUST0095,18,Male,94220,92,13,1185.29,15408.77,93,4,Fashion,Nashik,Gold,38,8.5
CUST0096,42,Female,77237,97,14,710.18,9942.52,66,10,Home & Lifestyle,Mumbai,Gold,39,6.4
CUST0097,24,Female,75030,49,14,1202.96,16841.44,38,29,Home & Lifestyle,Nashik,Basic,36,7.1
CUST0098,26,Male,112630,69,12,1421.36,17056.32,96,49,Fashion,Nashik,Basic,26,4.7
CUST0099,41,Female,50843,76,14,1347.2,18860.8,89,69,Electronics,Pune,Gold,37,4.8
CUST0100,18,Male,85412,78,14,1636.79,22915.06,84,29,Beauty,Mumbai,Basic,34,7.2
CUST0101,61,Male,66254,75,17,1540.04,26180.68,38,1,Electronics,Mumbai,Silver,12,5.2
CUST0102,25,Male,70909,73,11,1432.36,15755.96,58,6,Sports,Mumbai,Basic,21,10.0
CUST0103,41,Female,98626,86,12,1848.54,22182.48,58,3,Home & Lifestyle,Nagpur,Basic,13,4.1
CUST0104,28,Male,76172,45,12,802.83,9633.96,50,14,Fashion,Mumbai,Gold,17,6.0
CUST0105,34,Male,76843,88,14,1583.9,22174.6,92,21,Fashion,Aurangabad,Gold,42,7.2
CUST0106,25,Male,88595,96,16,1687.75,27004.0,68,1,Electronics,Mumbai,Basic,38,6.7
CUST0107,52,Male,56971,57,6,877.04,5262.24,5,13,Fashion,Mumbai,Basic,27,5.5
CUST0108,52,Male,46537,55,10,758.75,7587.5,62,6,Electronics,Kolhapur,Basic,47,5.8
CUST0109,50,Male,42014,26,7,856.26,5993.82,47,51,Grocery,Nashik,Basic,23,5.7
CUST0110,22,Female,21740,54,13,932.76,12125.88,63,19,Electronics,Nashik,Platinum,26,7.5
CUST0111,59,Male,110237,95,12,1786.74,21440.88,47,21,Grocery,Pune,Silver,22,10.0
CUST0112,56,Male,40729,52,11,995.83,10954.13,73,17,Grocery,Mumbai,Silver,37,7.3
CUST0113,58,Female,60132,82,17,1101.49,18725.33,80,94,Fashion,Pune,Gold,1,9.0
CUST0114,45,Male,58910,55,10,1063.24,10632.4,61,7,Electronics,Aurangabad,Gold,12,8.0
CUST0115,24,Male,71763,77,13,1708.88,22215.44,58,22,Electronics,Mumbai,Gold,0,8.9
CUST0116,26,Male,82946,54,11,1318.75,14506.25,64,40,Electronics,Aurangabad,Basic,31,3.0
CUST0117,25,Female,83930,72,13,1336.01,17368.13,65,24,Home & Lifestyle,Nagpur,Basic,53,6.7
CUST0118,29,Female,52172,55,10,1193.51,11935.1,47,79,Fashion,Mumbai,Silver,17,9.2
CUST0119,51,Other,61323,67,12,1689.59,20275.08,68,14,Beauty,Nashik,Basic,27,6.3
CUST0120,50,Male,71217,60,6,1078.9,6473.4,65,19,Grocery,Kolhapur,Platinum,38,10.0
CUST0121,65,Female,59529,59,5,1659.24,8296.2,89,3,Grocery,Aurangabad,Silver,41,9.4
CUST0122,40,Male,100362,95,15,1594.23,23913.45,83,28,Grocery,Pune,Platinum,24,7.2
CUST0123,41,Male,75801,61,10,1273.28,12732.8,40,10,Home & Lifestyle,Mumbai,Basic,45,6.4
CUST0124,54,Male,81167,43,7,2015.77,14110.39,73,5,Fashion,Mumbai,Gold,9,5.7
CUST0125,52,Male,79583,100,19,1172.06,22269.14,34,24,Electronics,Pune,Basic,56,6.3
CUST0126,61,Female,90816,100,18,1416.34,25494.12,70,23,Grocery,Nashik,Platinum,57,6.1
CUST0127,57,Female,68982,43,11,859.22,9451.42,44,2,Fashion,Kolhapur,Basic,43,7.8
CUST0128,39,Female,36470,64,8,1501.15,12009.2,32,36,Grocery,Mumbai,Silver,0,5.0
CUST0129,44,Male,73793,59,7,1814.14,12698.98,61,29,Home & Lifestyle,Nagpur,Gold,17,8.1
CUST0130,52,Female,50670,63,10,1754.99,17549.9,5,6,Grocery,Nashik,Silver,34,8.1
CUST0131,18,Female,53370,64,9,1633.29,14699.61,26,19,Home & Lifestyle,Mumbai,Silver,19,4.7
CUST0132,52,Female,77900,66,5,1288.41,6442.05,51,38,Grocery,Pune,Platinum,44,10.0
CUST0133,54,Male,92242,62,6,1265.15,7590.9,57,23,Home & Lifestyle,Nagpur,Silver,34,8.0
CUST0134,64,Male,65468,52,7,753.05,5271.35,47,15,Home & Lifestyle,Kolhapur,Silver,14,8.3
CUST0135,31,Female,71794,51,9,1880.14,16921.26,20,12,Grocery,Nagpur,Basic,35,6.1
CUST0136,20,Female,102449,66,16,1562.04,24992.64,47,28,Home & Lifestyle,Pune,Gold,12,8.1
CUST0137,18,Male,70297,65,10,1173.3,11733.0,74,84,Beauty,Pune,Silver,22,8.9
CUST0138,22,Female,122237,77,17,1923.13,32693.21,78,33,Grocery,Pune,Silver,17,7.1
CUST0139,43,Female,77441,82,17,1118.49,19014.33,55,2,Grocery,Nashik,Basic,53,10.0
CUST0140,31,Female,26263,74,19,1346.78,25588.82,80,19,Home & Lifestyle,Nagpur,Silver,57,7.3
CUST0141,56,Female,81574,61,7,1286.93,9008.51,64,66,Grocery,Pune,Basic,14,8.9
CUST0142,44,Female,73385,72,15,1549.76,23246.4,39,3,Electronics,Kolhapur,Basic,6,7.6
CUST0143,26,Male,93375,86,12,1455.05,17460.6,59,135,Beauty,Nashik,Silver,21,8.1
CUST0144,32,Female,79810,79,18,970.15,17462.7,24,89,Electronics,Nagpur,Basic,12,4.7
CUST0145,32,Male,61954,64,9,1314.53,11830.77,53,2,Home & Lifestyle,Aurangabad,Basic,36,7.8
CUST0146,43,Female,38065,65,16,1538.85,24621.6,79,81,Home & Lifestyle,Pune,Silver,36,6.1
CUST0147,59,Male,60401,71,14,1306.44,18290.16,70,14,Sports,Aurangabad,Basic,57,5.9
CUST0148,30,Male,46289,34,12,1357.4,16288.8,86,76,Electronics,Pune,Basic,38,9.8
CUST0149,49,Female,52228,74,16,989.03,15824.48,48,16,Grocery,Mumbai,Basic,32,6.9
CUST0150,56,Male,77949,86,15,1419.97,21299.55,85,17,Grocery,Kolhapur,Silver,0,5.7
CUST0151,49,Female,101738,67,9,1235.86,11122.74,51,30,Fashion,Aurangabad,Silver,25,6.7
CUST0152,21,Male,73683,69,12,1571.14,18853.68,97,45,Electronics,Mumbai,Gold,26,5.2
CUST0153,47,Female,38691,65,9,1235.52,11119.68,55,1,Grocery,Nashik,Basic,45,9.4
CUST0154,54,Female,74781,65,7,1541.37,10789.59,71,27,Grocery,Nagpur,Basic,24,6.2
CUST0155,40,Female,91326,95,20,1830.29,36605.8,87,6,Electronics,Kolhapur,Basic,28,8.0
CUST0156,56,Other,51585,100,19,1612.24,30632.56,51,13,Grocery,Pune,Silver,3,9.2
CUST0157,62,Male,62052,49,17,1314.09,22339.53,60,13,Home & Lifestyle,Kolhapur,Platinum,0,7.1
CUST0158,32,Male,65323,40,8,906.51,7252.08,83,19,Home & Lifestyle,Mumbai,Basic,18,8.0
CUST0159,60,Female,47732,62,10,1240.36,12403.6,52,12,Sports,Mumbai,Basic,11,5.7
CUST0160,46,Male,79262,84,12,1263.86,15166.32,26,3,Grocery,Mumbai,Basic,40,10.0
CUST0161,53,Female,62339,59,8,1169.8,9358.4,100,5,Sports,Mumbai,Silver,17,8.6
CUST0162,30,Male,74230,95,11,1340.33,14743.63,45,1,Beauty,Aurangabad,Silver,17,6.9
CUST0163,49,Female,45475,31,8,816.45,6531.6,58,39,Fashion,Nashik,Silver,10,6.0
CUST0164,24,Female,55376,72,16,716.93,11470.88,90,93,Electronics,Aurangabad,Gold,0,7.0
CUST0165,39,Female,80892,60,6,1132.23,6793.38,42,4,Grocery,Pune,Silver,48,6.7
CUST0166,45,Female,56798,92,13,1446.41,18803.33,33,88,Grocery,Nagpur,Basic,20,10.0
CUST0167,19,Male,102993,100,22,1154.53,25399.66,71,40,Grocery,Kolhapur,Basic,29,5.4
CUST0168,59,Female,56208,46,14,1207.33,16902.62,16,30,Grocery,Nagpur,Silver,3,7.4
CUST0169,62,Male,69943,57,12,1857.91,22294.92,49,31,Home & Lifestyle,Nashik,Silver,40,7.2
CUST0170,23,Female,85517,89,17,1769.47,30080.99,70,53,Grocery,Nashik,Silver,27,7.0
CUST0171,45,Male,33796,43,14,1616.45,22630.3,49,3,Electronics,Kolhapur,Gold,13,7.0
CUST0172,45,Female,26262,46,10,1230.12,12301.2,21,21,Beauty,Kolhapur,Silver,19,7.0
CUST0173,61,Female,31436,50,9,1494.56,13451.04,90,36,Fashion,Pune,Gold,50,8.5
CUST0174,61,Male,92777,42,14,1079.14,15107.96,57,27,Sports,Kolhapur,Silver,24,8.1
CUST0175,37,Female,52859,59,7,1051.27,7358.89,86,54,Electronics,Mumbai,Gold,22,7.8
CUST0176,47,Female,121280,77,15,700.1,10501.5,49,2,Sports,Pune,Basic,21,2.6
CUST0177,28,Male,52587,50,10,1563.6,15636.0,46,35,Electronics,Kolhapur,Silver,0,7.6
CUST0178,45,Male,69060,92,17,1887.28,32083.76,61,23,Fashion,Mumbai,Platinum,23,5.4
CUST0179,42,Female,98926,57,9,1208.82,10879.38,50,14,Electronics,Kolhapur,Silver,30,8.2
CUST0180,56,Female,109134,99,17,1497.22,25452.74,29,12,Home & Lifestyle,Pune,Gold,41,9.4
CUST0181,50,Male,110353,80,14,1274.9,17848.6,87,29,Beauty,Pune,Gold,0,5.8
CUST0182,18,Female,91584,71,17,1523.55,25900.35,51,66,Grocery,Mumbai,Basic,18,6.8
CUST0183,44,Female,87529,89,13,1806.07,23478.91,15,21,Sports,Pune,Silver,16,6.3
CUST0184,30,Female,78036,76,21,865.28,18170.88,84,52,Grocery,Nagpur,Basic,35,9.1
CUST0185,58,Male,82124,82,18,1547.2,27849.6,44,15,Home & Lifestyle,Pune,Platinum,23,8.0
CUST0186,20,Male,52874,76,11,1229.62,13525.82,52,3,Beauty,Mumbai,Gold,23,9.8
CUST0187,56,Female,47000,50,9,1225.02,11025.18,16,2,Fashion,Pune,Basic,41,7.8
CUST0188,23,Female,64926,53,8,1394.48,11155.84,100,2,Fashion,Mumbai,Basic,21,7.6
CUST0189,25,Female,61256,43,9,1149.31,10343.79,37,14,Sports,Kolhapur,Silver,39,7.3
CUST0190,44,Male,55029,45,10,1164.01,11640.1,56,12,Sports,Pune,Basic,42,8.4
CUST0191,26,Female,80321,100,12,1426.8,17121.6,85,38,Sports,Nashik,Basic,30,4.6
CUST0192,54,Female,86017,96,17,1783.15,30313.55,64,41,Sports,Aurangabad,Silver,49,7.3
CUST0193,50,Male,66945,41,9,1340.46,12064.14,54,2,Electronics,Nagpur,Silver,48,7.1
CUST0194,59,Female,97506,55,13,1428.69,18572.97,18,7,Beauty,Kolhapur,Basic,49,8.3
CUST0195,61,Male,39883,62,13,836.36,10872.68,37,10,Grocery,Pune,Gold,0,6.9
CUST0196,41,Female,60739,72,14,1206.64,16892.96,59,24,Sports,Pune,Platinum,49,6.3
CUST0197,32,Female,49230,67,7,1535.29,10747.03,38,5,Grocery,Aurangabad,Gold,37,7.2
CUST0198,49,Female,23936,41,10,1097.12,10971.2,59,4,Grocery,Nagpur,Gold,55,5.6
CUST0199,49,Male,63181,61,9,1481.4,13332.6,70,86,Grocery,Nashik,Basic,54,4.3
CUST0200,41,Male,62322,69,8,1842.92,14743.36,76,49,Fashion,Nagpur,Basic,59,8.3
CUST0201,58,Male,98296,81,12,1780.47,21365.64,28,6,Electronics,Mumbai,Basic,48,8.1
CUST0202,29,Female,78878,31,7,1238.58,8670.06,100,36,Beauty,Pune,Gold,45,7.9
CUST0203,56,Male,42468,50,12,1024.11,12289.32,72,13,Beauty,Kolhapur,Platinum,55,9.9
CUST0204,19,Female,105790,67,6,669.31,4015.86,65,47,Electronics,Nagpur,Gold,28,6.2
CUST0205,20,Female,91863,79,14,1391.07,19474.98,89,21,Home & Lifestyle,Mumbai,Gold,1,5.1
CUST0206,54,Male,77806,100,15,1385.61,20784.15,100,4,Home & Lifestyle,Aurangabad,Silver,20,7.1
CUST0207,34,Female,60017,69,9,1423.16,12808.44,23,40,Grocery,Mumbai,Silver,31,6.7
CUST0208,19,Female,43892,49,12,1131.5,13578.0,60,15,Fashion,Mumbai,Silver,26,5.9
CUST0209,19,Female,56811,77,12,1232.32,14787.84,13,9,Beauty,Aurangabad,Basic,16,7.1
CUST0210,45,Female,88952,84,12,919.04,11028.48,59,14,Home & Lifestyle,Kolhapur,Basic,11,6.3
CUST0211,40,Female,106461,90,14,1247.39,17463.46,63,21,Grocery,Mumbai,Gold,14,4.4
CUST0212,54,Male,98951,90,13,1649.85,21448.05,54,13,Grocery,Pune,Silver,37,6.5
CUST0213,49,Female,54245,96,17,1911.51,32495.67,41,8,Electronics,Pune,Silver,49,5.5
CUST0214,50,Male,40368,33,13,1073.85,13960.05,10,35,Grocery,Nagpur,Silver,39,7.5
CUST0215,18,Male,68099,74,19,1448.64,27524.16,73,1,Fashion,Mumbai,Basic,51,6.2
CUST0216,36,Female,26094,30,12,1334.03,16008.36,87,64,Fashion,Kolhapur,Silver,24,8.9
CUST0217,19,Female,72110,77,13,1131.06,14703.78,52,6,Home & Lifestyle,Aurangabad,Silver,0,9.6
CUST0218,61,Female,61753,46,7,1329.3,9305.1,65,1,Sports,Kolhapur,Silver,18,8.2
CUST0219,43,Male,54747,52,4,1000.09,4000.36,21,32,Grocery,Mumbai,Gold,21,4.9
CUST0220,49,Female,29917,43,10,1371.2,13712.0,65,45,Fashion,Kolhapur,Silver,18,9.5
CUST0221,23,Male,76299,87,14,1472.32,20612.48,56,50,Home & Lifestyle,Mumbai,Silver,26,9.6
CUST0222,49,Female,53281,76,15,1403.38,21050.7,38,20,Beauty,Pune,Gold,32,7.2
CUST0223,21,Male,39262,30,4,853.01,3412.04,48,27,Home & Lifestyle,Pune,Gold,38,9.2
CUST0224,28,Female,18000,44,8,1292.11,10336.88,56,40,Beauty,Mumbai,Gold,21,6.4
CUST0225,34,Female,64395,51,6,1872.6,11235.6,63,36,Grocery,Aurangabad,Basic,6,4.4
CUST0226,55,Male,103990,59,6,1095.6,6573.6,26,8,Home & Lifestyle,Pune,Basic,28,6.1
CUST0227,41,Male,101548,77,20,1360.72,27214.4,46,70,Electronics,Pune,Basic,36,9.8
CUST0228,22,Female,54944,54,13,1300.31,16904.03,64,3,Fashion,Aurangabad,Basic,53,5.0
CUST0229,51,Male,51751,100,20,1641.17,32823.4,31,122,Fashion,Pune,Platinum,16,7.9
CUST0230,23,Female,75313,77,13,1216.08,15809.04,100,59,Grocery,Kolhapur,Silver,33,7.3
CUST0231,39,Male,43036,30,9,249.2,2242.8,36,55,Sports,Mumbai,Basic,39,6.4
CUST0232,28,Male,71639,57,10,1700.67,17006.7,50,84,Beauty,Pune,Basic,36,6.5
CUST0233,65,Female,81854,90,17,1683.71,28623.07,33,38,Electronics,Aurangabad,Basic,49,7.3
CUST0234,33,Female,91993,100,13,1003.09,13040.17,95,6,Electronics,Pune,Silver,15,6.4
CUST0235,50,Female,62797,35,11,996.12,10957.32,67,18,Fashion,Nashik,Gold,16,5.1
CUST0236,26,Male,60519,28,10,1614.01,16140.1,44,22,Fashion,Pune,Gold,25,7.5
CUST0237,23,Male,45684,89,14,1777.39,24883.46,89,15,Grocery,Pune,Platinum,15,9.5
CUST0238,33,Female,46809,63,8,1524.02,12192.16,59,41,Sports,Pune,Basic,43,8.5
CUST0239,46,Female,60017,46,6,1161.22,6967.32,61,15,Sports,Pune,Basic,24,6.0
CUST0240,20,Male,73082,78,22,1406.14,30935.08,57,12,Home & Lifestyle,Pune,Basic,38,5.3
CUST0241,37,Other,85099,26,13,1170.02,15210.26,39,47,Beauty,Nagpur,Basic,33,6.8
CUST0242,53,Male,47330,56,13,1554.46,20207.98,62,62,Grocery,Mumbai,Platinum,28,10.0
CUST0243,36,Female,97839,85,16,1220.76,19532.16,43,1,Fashion,Mumbai,Silver,18,8.2
CUST0244,43,Female,59035,78,16,1097.37,17557.92,95,15,Grocery,Mumbai,Gold,20,8.3
CUST0245,20,Female,64530,46,4,1530.67,6122.68,37,5,Grocery,Aurangabad,Silver,26,8.5
CUST0246,36,Male,48561,58,8,1214.37,9714.96,89,36,Home & Lifestyle,Aurangabad,Basic,38,7.8
CUST0247,37,Female,18000,26,9,1421.54,12793.86,53,23,Fashion,Nagpur,Basic,35,7.4
CUST0248,49,Male,84449,78,16,1213.89,19422.24,62,33,Fashion,Aurangabad,Silver,51,8.2
CUST0249,24,Female,81211,55,9,1297.2,11674.8,83,10,Fashion,Mumbai,Gold,10,6.4
CUST0250,58,Male,58811,54,7,965.71,6759.97,41,7,Sports,Mumbai,Basic,34,5.1
CUST0251,50,Male,66474,47,8,1239.63,9917.04,74,83,Grocery,Nashik,Gold,1,8.3
CUST0252,57,Male,76351,81,16,959.49,15351.84,5,1,Home & Lifestyle,Nashik,Gold,31,9.1
CUST0253,56,Female,30624,64,9,1051.58,9464.22,39,17,Home & Lifestyle,Mumbai,Silver,8,5.5
CUST0254,35,Female,53361,55,7,799.21,5594.47,35,1,Fashion,Mumbai,Gold,21,8.4
CUST0255,57,Female,82474,73,18,1597.6,28756.8,27,20,Grocery,Aurangabad,Silver,19,9.7
CUST0256,18,Male,37406,26,8,1281.19,10249.52,60,41,Beauty,Kolhapur,Silver,29,7.2
CUST0257,28,Male,71458,62,8,793.3,6346.4,73,12,Grocery,Mumbai,Gold,17,6.0
CUST0258,45,Male,35155,50,11,1555.63,17111.93,70,4,Sports,Nagpur,Platinum,16,8.1
CUST0259,42,Male,75261,100,14,2225.01,31150.14,60,14,Fashion,Pune,Basic,57,6.4
CUST0260,40,Male,64216,44,6,1232.45,7394.7,40,33,Electronics,Pune,Silver,29,6.3
CUST0261,48,Female,29467,75,11,1046.07,11506.77,63,46,Beauty,Mumbai,Basic,27,7.8
CUST0262,47,Male,90624,94,21,2345.17,49248.57,58,23,Beauty,Mumbai,Basic,31,4.8
CUST0263,59,Female,48839,62,19,848.83,16127.77,76,27,Sports,Pune,Gold,50,5.0
CUST0264,52,Female,47174,88,17,1349.55,22942.35,72,7,Home & Lifestyle,Kolhapur,Platinum,21,7.9
CUST0265,24,Male,69413,73,19,1404.13,26678.47,66,10,Sports,Mumbai,Silver,15,7.2
CUST0266,33,Female,90270,83,15,1856.35,27845.25,35,5,Beauty,Nashik,Basic,25,7.7
CUST0267,43,Female,42652,53,8,1297.88,10383.04,41,9,Beauty,Pune,Basic,27,10.0
CUST0268,65,Male,66357,87,18,1247.48,22454.64,43,8,Grocery,Pune,Silver,16,7.4
CUST0269,19,Female,74434,88,22,1139.95,25078.9,58,22,Fashion,Aurangabad,Basic,16,8.1
CUST0270,18,Male,80248,60,3,1228.2,3684.6,71,25,Sports,Nashik,Basic,18,5.7
CUST0271,65,Female,68882,42,10,922.57,9225.7,71,87,Grocery,Aurangabad,Gold,13,8.4
CUST0272,29,Female,56925,57,9,1263.12,11368.08,64,7,Grocery,Aurangabad,Basic,44,6.4
CUST0273,22,Female,46793,42,18,989.12,17804.16,65,31,Grocery,Mumbai,Silver,19,7.3
CUST0274,54,Female,66895,64,10,858.47,8584.7,58,51,Grocery,Mumbai,Gold,22,7.0
CUST0275,49,Male,41413,76,20,1654.78,33095.6,44,25,Grocery,Kolhapur,Basic,54,8.7
CUST0276,26,Female,18000,35,8,894.7,7157.6,45,9,Electronics,Aurangabad,Silver,44,5.2
CUST0277,58,Male,74604,68,14,965.37,13515.18,16,9,Beauty,Nashik,Silver,21,3.8
CUST0278,52,Female,84887,74,16,1350.18,21602.88,40,1,Grocery,Kolhapur,Silver,16,6.9
CUST0279,36,Male,18000,58,9,1156.51,10408.59,65,11,Grocery,Kolhapur,Silver,12,7.9
CUST0280,65,Male,42786,14,9,510.42,4593.78,40,61,Electronics,Mumbai,Basic,45,7.4
CUST0281,33,Male,78621,59,9,1421.36,12792.24,50,1,Electronics,Nashik,Gold,22,9.0
CUST0282,20,Female,110265,88,14,1218.65,17061.1,75,7,Fashion,Kolhapur,Gold,19,7.9
CUST0283,37,Female,65457,86,12,1903.68,22844.16,66,37,Home & Lifestyle,Nagpur,Basic,23,6.4
CUST0284,41,Female,48984,48,10,1346.14,13461.4,31,46,Electronics,Pune,Basic,23,3.7
CUST0285,50,Male,60976,29,8,1028.96,8231.68,77,38,Sports,Mumbai,Basic,40,6.8
CUST0286,41,Female,95247,89,15,1268.19,19022.85,80,36,Fashion,Pune,Basic,15,8.7
CUST0287,28,Male,50789,46,17,1154.88,19632.96,40,15,Fashion,Pune,Silver,40,6.6
CUST0288,25,Male,47418,35,10,1316.09,13160.9,47,5,Fashion,Aurangabad,Basic,27,7.2
CUST0289,53,Female,54380,48,10,1197.49,11974.9,81,15,Electronics,Pune,Basic,33,7.8
CUST0290,55,Male,44027,51,7,1120.93,7846.51,52,26,Home & Lifestyle,Pune,Gold,5,5.7
CUST0291,57,Female,67699,55,6,1290.61,7743.66,6,89,Beauty,Mumbai,Basic,35,8.1
CUST0292,37,Female,100743,41,10,1135.07,11350.7,24,2,Grocery,Nashik,Gold,20,9.7
CUST0293,52,Male,72108,84,17,1299.36,22089.12,50,21,Fashion,Nashik,Gold,24,6.9
CUST0294,65,Male,59448,85,17,742.61,12624.37,29,12,Fashion,Pune,Basic,57,5.5
CUST0295,42,Male,58580,73,13,1609.86,20928.18,46,21,Grocery,Pune,Gold,28,7.1
CUST0296,52,Female,30610,28,5,1143.47,5717.35,56,21,Sports,Pune,Gold,13,3.9
CUST0297,42,Female,84428,69,13,1147.25,14914.25,87,11,Fashion,Mumbai,Silver,14,7.7
CUST0298,46,Male,63288,63,9,1861.48,16753.32,49,51,Home & Lifestyle,Pune,Basic,44,7.9
CUST0299,35,Male,61029,73,19,1351.19,25672.61,79,24,Grocery,Aurangabad,Silver,44,9.7
CUST0300,63,Male,135248,100,19,1344.9,25553.1,86,18,Fashion,Mumbai,Platinum,29,7.6
CUST0301,35,Female,71573,54,7,1537.74,10764.18,87,10,Grocery,Pune,Silver,35,7.8
CUST0302,19,Male,48461,58,10,1346.8,13468.0,71,11,Electronics,Nagpur,Basic,44,5.9
CUST0303,52,Female,55620,68,7,1407.23,9850.61,12,14,Beauty,Mumbai,Gold,46,6.7
CUST0304,33,Female,90266,100,17,1393.07,23682.19,65,54,Fashion,Nagpur,Silver,0,4.9
CUST0305,58,Male,67492,78,22,1499.62,32991.64,78,103,Home & Lifestyle,Pune,Silver,35,6.9
CUST0306,53,Female,33358,64,16,1127.55,18040.8,53,17,Electronics,Nashik,Gold,40,6.7
CUST0307,50,Male,85223,75,12,1572.45,18869.4,93,15,Sports,Kolhapur,Silver,5,7.6
CUST0308,21,Female,50301,83,17,761.42,12944.14,84,56,Fashion,Aurangabad,Gold,12,6.3
CUST0309,50,Female,106213,90,13,1398.48,18180.24,68,17,Beauty,Pune,Gold,12,7.3
CUST0310,31,Male,88761,59,11,1868.93,20558.23,79,24,Beauty,Mumbai,Silver,14,6.7
CUST0311,38,Male,55159,85,11,1125.36,12378.96,62,8,Sports,Mumbai,Basic,28,6.7
CUST0312,65,Male,93182,89,18,1304.39,23479.02,5,41,Grocery,Aurangabad,Gold,29,7.3
CUST0313,37,Male,66493,57,7,1143.09,8001.63,44,23,Home & Lifestyle,Aurangabad,Platinum,38,8.0
CUST0314,25,Male,83761,64,11,992.84,10921.24,91,50,Fashion,Pune,Basic,51,8.3
CUST0315,24,Male,75664,74,15,710.51,10657.65,47,46,Fashion,Pune,Silver,12,7.0
CUST0316,20,Male,46380,64,8,1175.96,9407.68,60,7,Grocery,Mumbai,Basic,22,6.7
CUST0317,34,Female,50842,61,7,1287.28,9010.96,32,38,Electronics,Pune,Gold,45,6.9
CUST0318,50,Female,87659,80,12,1417.23,17006.76,94,48,Sports,Mumbai,Gold,35,6.1
CUST0319,65,Female,57635,92,14,1347.44,18864.16,92,13,Electronics,Pune,Basic,36,6.7
CUST0320,29,Other,56120,80,14,1351.27,18917.78,46,6,Grocery,Nashik,Gold,32,10.0
CUST0321,39,Male,43987,58,10,1520.81,15208.1,58,1,Home & Lifestyle,Aurangabad,Basic,35,5.8
CUST0322,39,Female,74319,85,15,1355.82,20337.3,40,18,Grocery,Aurangabad,Gold,33,6.8
CUST0323,63,Male,110376,66,12,1272.9,15274.8,69,13,Home & Lifestyle,Mumbai,Silver,20,6.6
CUST0324,47,Male,41514,61,10,1134.2,11342.0,66,24,Electronics,Nashik,Basic,39,6.8
CUST0325,55,Female,65533,97,20,1608.4,32168.0,73,6,Grocery,Kolhapur,Basic,12,6.7
CUST0326,55,Male,96069,74,15,1857.82,27867.3,62,59,Fashion,Pune,Basic,25,7.6
CUST0327,62,Male,63248,48,10,1043.3,10433.0,100,9,Sports,Nagpur,Silver,15,4.6
CUST0328,25,Female,74952,57,11,1332.54,14657.94,42,8,Home & Lifestyle,Mumbai,Silver,19,8.8
CUST0329,44,Male,41627,34,10,1212.39,12123.9,17,40,Sports,Pune,Basic,21,8.1
CUST0330,44,Female,74423,54,4,991.5,3966.0,46,21,Electronics,Mumbai,Basic,27,5.3
CUST0331,51,Male,60883,56,14,1262.77,17678.78,21,7,Fashion,Pune,Basic,12,3.8
CUST0332,38,Male,86686,49,7,866.36,6064.52,22,10,Fashion,Nagpur,Gold,33,5.7
CUST0333,47,Male,91122,76,18,896.65,16139.7,33,6,Electronics,Pune,Gold,24,6.8
CUST0334,50,Female,121970,100,16,1725.93,27614.88,35,38,Fashion,Mumbai,Basic,9,10.0
CUST0335,45,Male,77752,54,2,1184.09,2368.18,34,44,Home & Lifestyle,Pune,Silver,12,8.0
CUST0336,64,Male,72168,95,19,1507.19,28636.61,66,19,Fashion,Kolhapur,Basic,40,4.5
CUST0337,50,Female,69276,75,8,1352.46,10819.68,44,38,Grocery,Mumbai,Platinum,17,6.9
CUST0338,22,Male,57230,79,19,1044.77,19850.63,61,40,Beauty,Nashik,Platinum,15,7.8
CUST0339,65,Female,72447,56,9,1277.76,11499.84,75,4,Home & Lifestyle,Nashik,Gold,24,7.6
CUST0340,36,Male,58501,77,14,963.57,13489.98,38,102,Fashion,Mumbai,Platinum,30,5.9
CUST0341,21,Female,68706,46,11,1657.41,18231.51,59,52,Fashion,Pune,Gold,3,7.0
CUST0342,52,Female,93987,93,13,1097.17,14263.21,63,7,Grocery,Nagpur,Gold,33,6.1
CUST0343,34,Female,42856,57,9,1147.83,10330.47,12,6,Electronics,Pune,Silver,13,5.5
CUST0344,61,Male,90077,85,16,1147.55,18360.8,5,4,Home & Lifestyle,Pune,Basic,35,7.6
CUST0345,45,Female,93977,56,8,1527.06,12216.48,63,4,Fashion,Nagpur,Basic,34,8.4
CUST0346,47,Male,62402,47,10,1125.78,11257.8,66,41,Beauty,Pune,Basic,27,8.5
CUST0347,46,Female,18319,54,13,965.36,12549.68,100,19,Home & Lifestyle,Mumbai,Silver,10,8.1
CUST0348,63,Female,51628,41,15,1424.84,21372.6,58,46,Grocery,Mumbai,Basic,31,6.5
CUST0349,23,Male,93534,85,15,1479.43,22191.45,83,41,Fashion,Mumbai,Basic,59,8.3
CUST0350,52,Male,64497,39,8,1354.48,10835.84,51,28,Fashion,Nagpur,Silver,5,7.7
CUST0351,58,Female,43015,70,11,964.65,10611.15,62,35,Home & Lifestyle,Nashik,Basic,60,7.4
CUST0352,54,Male,53895,37,5,738.24,3691.2,92,1,Grocery,Nashik,Silver,21,6.3
CUST0353,41,Male,83494,83,23,1464.64,33686.72,8,11,Fashion,Nagpur,Platinum,26,7.2
CUST0354,46,Male,77028,81,16,1309.43,20950.88,64,30,Fashion,Mumbai,Gold,9,7.3
CUST0355,63,Female,59743,49,11,1413.16,15544.76,100,1,Electronics,Mumbai,Silver,13,10.0
CUST0356,48,Female,56930,71,16,1280.82,20493.12,61,1,Home & Lifestyle,Mumbai,Silver,17,7.7
CUST0357,52,Male,56381,65,9,1340.67,12066.03,91,57,Fashion,Mumbai,Silver,9,6.3
CUST0358,50,Female,44707,45,11,677.11,7448.21,41,35,Grocery,Aurangabad,Basic,32,6.0
CUST0359,38,Male,100538,62,8,1966.15,15729.2,54,9,Grocery,Kolhapur,Gold,19,6.5
CUST0360,49,Male,57909,26,12,1078.45,12941.4,56,55,Grocery,Pune,Basic,63,10.0
CUST0361,40,Male,91777,83,12,1666.61,19999.32,6,47,Beauty,Pune,Basic,18,6.6
CUST0362,50,Male,98469,51,10,1098.58,10985.8,29,11,Beauty,Pune,Gold,27,8.6
CUST0363,20,Other,86963,76,16,1507.29,24116.64,41,1,Grocery,Pune,Basic,39,6.6
CUST0364,35,Female,55504,55,8,845.66,6765.28,73,81,Electronics,Pune,Basic,19,7.6
CUST0365,42,Male,73882,80,12,1527.27,18327.24,74,13,Grocery,Nashik,Basic,45,8.4
CUST0366,59,Female,64468,59,7,1172.61,8208.27,62,3,Grocery,Kolhapur,Basic,29,6.3
CUST0367,48,Female,45119,49,9,1190.11,10710.99,73,20,Grocery,Nagpur,Basic,0,6.2
CUST0368,20,Male,72136,81,14,1599.8,22397.2,61,44,Home & Lifestyle,Pune,Basic,45,9.7
CUST0369,57,Male,39061,59,14,833.42,11667.88,81,8,Electronics,Mumbai,Silver,8,8.7
CUST0370,63,Other,91129,82,14,1246.04,17444.56,55,9,Home & Lifestyle,Mumbai,Gold,9,8.4
CUST0371,41,Male,54778,68,12,1423.53,17082.36,56,8,Fashion,Kolhapur,Basic,45,8.4
CUST0372,49,Female,69426,39,16,1843.74,29499.84,49,144,Home & Lifestyle,Kolhapur,Gold,20,7.9
CUST0373,64,Female,71232,81,13,1346.27,17501.51,70,7,Fashion,Aurangabad,Basic,49,10.0
CUST0374,39,Male,59304,73,12,1497.25,17967.0,46,26,Home & Lifestyle,Mumbai,Basic,53,7.3
CUST0375,40,Female,77907,52,12,1259.63,15115.56,76,78,Electronics,Nagpur,Basic,25,8.1
CUST0376,19,Female,54552,55,9,1816.33,16346.97,40,5,Grocery,Pune,Silver,37,5.0
CUST0377,44,Female,84169,72,16,866.34,13861.44,31,106,Home & Lifestyle,Nashik,Silver,14,6.0
CUST0378,59,Female,35388,49,13,1180.55,15347.15,70,88,Fashion,Pune,Silver,58,5.4
CUST0379,19,Female,67780,72,19,853.68,16219.92,63,65,Beauty,Mumbai,Gold,15,9.1
CUST0380,43,Female,107656,100,22,821.0,18062.0,45,7,Home & Lifestyle,Nashik,Silver,40,3.4
CUST0381,34,Female,42993,74,13,1364.22,17734.86,75,30,Grocery,Pune,Silver,38,6.6
CUST0382,57,Female,50090,34,9,1178.12,10603.08,42,63,Fashion,Pune,Platinum,30,3.4
CUST0383,50,Other,76306,81,14,1317.47,18444.58,51,128,Grocery,Pune,Basic,25,6.0
CUST0384,26,Female,68951,90,12,1384.99,16619.88,96,6,Grocery,Pune,Basic,33,6.5
CUST0385,60,Female,72714,75,13,2297.63,29869.19,89,44,Grocery,Pune,Gold,0,9.3
CUST0386,65,Male,75762,89,11,1355.83,14914.13,90,12,Home & Lifestyle,Pune,Silver,28,7.8
CUST0387,56,Female,78964,100,14,1639.93,22959.02,49,6,Grocery,Pune,Basic,40,6.0
CUST0388,46,Male,89413,94,11,1299.43,14293.73,82,16,Fashion,Pune,Basic,37,8.8
CUST0389,59,Male,74016,73,17,1452.62,24694.54,34,47,Fashion,Aurangabad,Silver,0,7.2
CUST0390,43,Female,59692,81,17,1281.61,21787.37,35,19,Electronics,Mumbai,Silver,6,7.3
CUST0391,52,Female,79797,74,15,1262.24,18933.6,5,23,Fashion,Pune,Basic,24,5.4
CUST0392,42,Male,106797,83,17,2048.06,34817.02,92,160,Home & Lifestyle,Nashik,Platinum,29,6.4
CUST0393,41,Male,62082,57,12,1617.4,19408.8,36,15,Beauty,Kolhapur,Gold,29,6.0
CUST0394,30,Female,43560,83,15,1353.7,20305.5,52,29,Fashion,Nagpur,Silver,22,7.3
CUST0395,24,Male,89356,60,12,666.8,8001.6,45,14,Sports,Mumbai,Gold,35,7.3
CUST0396,53,Female,62352,91,19,1292.75,24562.25,70,15,Grocery,Nashik,Gold,10,9.5
CUST0397,62,Other,18000,52,4,1922.91,7691.64,47,36,Sports,Nagpur,Basic,44,7.8
CUST0398,37,Female,83643,47,9,1219.73,10977.57,26,83,Home & Lifestyle,Nagpur,Basic,42,3.1
CUST0399,18,Male,53223,66,7,1604.63,11232.41,75,23,Home & Lifestyle,Nagpur,Silver,31,7.6
CUST0400,25,Male,63008,26,10,1575.61,15756.1,33,64,Electronics,Aurangabad,Gold,22,5.0
CUST0401,63,Male,72304,79,13,1448.6,18831.8,37,3,Fashion,Aurangabad,Basic,62,5.8
CUST0402,33,Male,69191,82,19,1133.03,21527.57,9,7,Electronics,Nashik,Platinum,32,6.7
CUST0403,31,Female,80608,61,7,605.23,4236.61,24,21,Home & Lifestyle,Mumbai,Silver,10,6.2
CUST0404,29,Female,55419,62,8,1469.51,11756.08,69,1,Fashion,Nashik,Basic,39,5.1
CUST0405,40,Female,76288,100,15,1234.44,18516.6,12,9,Beauty,Kolhapur,Basic,46,7.5
CUST0406,32,Female,59290,53,6,1292.72,7756.32,22,22,Fashion,Pune,Basic,26,5.1
CUST0407,45,Male,81254,53,16,930.82,14893.12,55,1,Beauty,Aurangabad,Gold,41,7.7
CUST0408,51,Female,78538,97,15,1394.04,20910.6,43,9,Electronics,Pune,Platinum,31,10.0
CUST0409,19,Female,44420,90,10,1353.38,13533.8,100,22,Electronics,Mumbai,Silver,0,5.2
CUST0410,49,Male,88892,75,13,1497.25,19464.25,95,26,Fashion,Aurangabad,Platinum,29,7.5
CUST0411,40,Male,53209,77,7,983.18,6882.26,36,78,Grocery,Pune,Gold,19,3.4
CUST0412,39,Male,82777,96,18,1841.4,33145.2,67,31,Fashion,Mumbai,Silver,33,6.7
CUST0413,42,Other,73080,55,10,1110.17,11101.7,71,16,Home & Lifestyle,Pune,Silver,39,8.2
CUST0414,39,Female,105440,74,14,959.98,13439.72,42,80,Electronics,Mumbai,Silver,28,8.3
CUST0415,39,Female,60084,84,18,1333.54,24003.72,22,46,Fashion,Pune,Silver,50,7.3
CUST0416,59,Male,57315,91,14,1396.26,19547.64,55,7,Beauty,Mumbai,Basic,32,8.5
CUST0417,23,Male,64573,74,15,1387.9,20818.5,61,4,Electronics,Mumbai,Gold,34,10.0
CUST0418,32,Female,58330,45,8,1613.63,12909.04,45,34,Sports,Aurangabad,Basic,47,9.8
CUST0419,60,Male,82599,100,15,1426.86,21402.9,65,25,Sports,Aurangabad,Gold,24,6.4
CUST0420,54,Female,29441,39,6,1058.44,6350.64,38,47,Electronics,Pune,Gold,37,5.0
CUST0421,50,Female,41819,48,8,836.5,6692.0,30,40,Fashion,Nagpur,Basic,26,6.6
CUST0422,25,Male,41508,60,5,1460.69,7303.45,67,29,Fashion,Pune,Basic,29,5.8
CUST0423,61,Male,85907,100,14,1563.01,21882.14,63,129,Home & Lifestyle,Pune,Silver,5,7.9
CUST0424,61,Male,102633,97,12,1419.89,17038.68,29,23,Grocery,Pune,Silver,29,5.4
CUST0425,22,Female,62702,71,10,750.7,7507.0,85,4,Home & Lifestyle,Aurangabad,Basic,40,7.1
CUST0426,56,Male,61286,71,13,1751.18,22765.34,16,53,Home & Lifestyle,Aurangabad,Silver,43,8.5
CUST0427,21,Female,66541,66,15,945.32,14179.8,52,9,Electronics,Pune,Basic,47,7.0
CUST0428,23,Female,90561,86,10,1288.3,12883.0,59,45,Beauty,Pune,Basic,31,5.8
CUST0429,62,Male,44598,10,18,1131.3,20363.4,41,114,Home & Lifestyle,Pune,Basic,17,9.0
CUST0430,49,Male,70244,61,9,945.76,8511.84,43,36,Grocery,Mumbai,Basic,41,4.4
CUST0431,47,Male,86454,78,13,973.31,12653.03,96,27,Beauty,Nashik,Gold,42,6.7
CUST0432,64,Male,76024,48,10,632.89,6328.9,36,19,Home & Lifestyle,Pune,Platinum,36,7.8
CUST0433,52,Male,69171,73,19,1565.81,29750.39,100,14,Fashion,Nagpur,Silver,41,7.2
CUST0434,57,Male,87023,70,11,1227.51,13502.61,65,13,Grocery,Mumbai,Silver,22,7.5
CUST0435,33,Female,18000,75,15,2082.18,31232.7,57,30,Grocery,Aurangabad,Basic,28,8.1
CUST0436,30,Female,79913,99,16,1187.43,18998.88,65,42,Electronics,Nagpur,Silver,14,7.1
CUST0437,59,Female,50610,49,13,921.39,11978.07,100,34,Sports,Mumbai,Basic,34,6.6
CUST0438,47,Female,24726,43,9,926.56,8339.04,33,7,Electronics,Kolhapur,Silver,24,6.6
CUST0439,36,Male,76246,68,9,1423.68,12813.12,30,20,Home & Lifestyle,Kolhapur,Platinum,28,7.0
CUST0440,34,Male,95220,70,10,1274.6,12746.0,38,47,Grocery,Mumbai,Basic,33,8.4
CUST0441,36,Female,61976,66,11,1483.63,16319.93,56,19,Electronics,Mumbai,Gold,23,6.2
CUST0442,45,Female,85963,60,13,1054.31,13706.03,17,23,Sports,Aurangabad,Basic,23,8.5
CUST0443,43,Male,100470,60,7,976.93,6838.51,55,44,Beauty,Pune,Basic,49,7.2
CUST0444,54,Female,93928,88,12,944.32,11331.84,92,32,Grocery,Pune,Basic,36,6.4
CUST0445,43,Male,101079,92,16,854.16,13666.56,58,16,Fashion,Mumbai,Basic,32,8.1
CUST0446,40,Male,81327,57,6,1166.56,6999.36,49,68,Electronics,Kolhapur,Basic,24,6.1
CUST0447,26,Female,66660,81,19,1283.69,24390.11,51,5,Fashion,Kolhapur,Basic,15,8.2
CUST0448,29,Male,29757,37,12,897.84,10774.08,85,162,Fashion,Aurangabad,Silver,45,7.5
CUST0449,18,Male,59587,66,5,1665.78,8328.9,47,4,Grocery,Nashik,Basic,43,6.3
CUST0450,18,Female,46449,71,14,1641.76,22984.64,100,1,Sports,Pune,Silver,1,8.0
CUST0451,64,Male,112761,85,23,1427.84,32840.32,98,66,Grocery,Nashik,Platinum,36,8.7
CUST0452,51,Male,61131,71,13,779.22,10129.86,61,8,Beauty,Kolhapur,Silver,39,8.9
CUST0453,49,Female,67711,56,12,1107.12,13285.44,55,39,Home & Lifestyle,Pune,Basic,37,8.6
CUST0454,65,Male,77133,66,12,1165.45,13985.4,78,50,Grocery,Pune,Basic,59,7.9
CUST0455,42,Male,65959,61,3,1094.74,3284.22,79,59,Beauty,Pune,Gold,28,5.5
CUST0456,57,Male,102291,68,8,1219.56,9756.48,37,143,Grocery,Nashik,Silver,4,10.0
CUST0457,62,Male,51302,55,10,1027.87,10278.7,43,10,Beauty,Aurangabad,Silver,30,5.1
CUST0458,18,Male,69281,38,7,1093.88,7657.16,36,37,Fashion,Nagpur,Basic,39,8.6
CUST0459,33,Male,48666,48,9,997.34,8976.06,64,4,Electronics,Aurangabad,Silver,16,7.8
CUST0460,56,Male,35960,46,12,1204.38,14452.56,70,16,Beauty,Pune,Basic,44,5.4
CUST0461,22,Male,51541,54,11,1328.73,14616.03,35,57,Grocery,Aurangabad,Platinum,0,7.7
CUST0462,39,Male,64185,60,12,1009.36,12112.32,45,14,Beauty,Kolhapur,Gold,40,7.1
CUST0463,46,Male,55555,59,11,1633.98,17973.78,25,27,Sports,Mumbai,Basic,22,9.2
CUST0464,20,Male,49767,66,7,969.28,6784.96,45,21,Electronics,Aurangabad,Silver,10,6.1
CUST0465,29,Female,34061,66,10,730.84,7308.4,77,31,Grocery,Mumbai,Basic,33,6.8
CUST0466,43,Male,63172,52,4,1361.75,5447.0,39,108,Fashion,Aurangabad,Silver,31,3.7
CUST0467,33,Male,31896,28,8,812.47,6499.76,48,22,Home & Lifestyle,Aurangabad,Gold,27,9.8
CUST0468,54,Female,81721,53,10,1403.55,14035.5,19,26,Beauty,Nagpur,Silver,14,5.6
CUST0469,39,Male,66814,56,8,553.34,4426.72,59,60,Fashion,Nashik,Basic,27,7.7
CUST0470,46,Female,32934,43,7,1538.54,10769.78,54,20,Grocery,Pune,Basic,18,7.0
CUST0471,31,Female,58197,47,12,1414.28,16971.36,39,2,Home & Lifestyle,Nashik,Gold,22,7.1
CUST0472,45,Male,48453,33,9,677.22,6094.98,51,45,Electronics,Mumbai,Silver,41,8.4
CUST0473,22,Female,72022,59,13,858.43,11159.59,69,12,Beauty,Kolhapur,Silver,25,9.7
CUST0474,64,Male,94490,81,9,1959.15,17632.35,37,5,Grocery,Nagpur,Basic,48,7.6
CUST0475,47,Male,23746,56,8,924.02,7392.16,23,57,Sports,Aurangabad,Basic,57,8.2
CUST0476,63,Male,67531,55,14,1022.34,14312.76,95,22,Fashion,Pune,Platinum,16,8.4
CUST0477,22,Female,61477,55,12,574.62,6895.44,51,81,Electronics,Kolhapur,Silver,22,8.7
CUST0478,29,Female,79769,54,4,1200.07,4800.28,63,49,Grocery,Aurangabad,Silver,58,6.5
CUST0479,33,Male,69690,66,8,1254.75,10038.0,77,35,Electronics,Kolhapur,Silver,47,8.8
CUST0480,43,Other,48457,42,13,1378.02,17914.26,100,1,Sports,Pune,Gold,0,8.9
CUST0481,43,Male,57981,71,18,888.22,15987.96,28,17,Electronics,Pune,Basic,41,8.8
CUST0482,65,Female,47487,24,9,632.37,5691.33,65,27,Home & Lifestyle,Pune,Basic,35,6.2
CUST0483,38,Male,88672,68,7,1523.3,10663.1,39,73,Grocery,Nashik,Silver,37,6.9
CUST0484,56,Male,65469,70,11,1628.43,17912.73,43,6,Fashion,Nashik,Silver,14,7.6
CUST0485,53,Male,106826,86,15,1043.13,15646.95,39,10,Electronics,Aurangabad,Gold,12,5.1
CUST0486,50,Female,63665,100,16,1765.45,28247.2,30,22,Home & Lifestyle,Mumbai,Gold,15,9.6
CUST0487,47,Male,49415,64,10,1265.51,12655.1,54,9,Grocery,Mumbai,Basic,26,7.2
CUST0488,54,Male,31698,31,7,1396.64,9776.48,23,27,Fashion,Nashik,Basic,47,7.6
CUST0489,40,Male,25331,45,8,1084.93,8679.44,76,27,Sports,Kolhapur,Platinum,7,7.0
CUST0490,27,Female,30149,17,10,251.76,2517.6,66,23,Fashion,Aurangabad,Silver,16,5.2
CUST0491,22,Male,70877,65,7,1277.04,8939.28,74,2,Grocery,Kolhapur,Silver,0,6.3
CUST0492,53,Male,76192,54,14,1612.62,22576.68,45,14,Grocery,Mumbai,Silver,40,7.5
CUST0493,51,Female,30214,65,14,932.52,13055.28,47,38,Electronics,Nashik,Silver,44,8.2
CUST0494,48,Male,84691,63,11,1239.68,13636.48,61,24,Sports,Kolhapur,Basic,30,7.4
CUST0495,27,Male,54373,57,10,1188.28,11882.8,39,16,Fashion,Mumbai,Gold,21,7.7
CUST0496,36,Female,68229,54,11,400.83,4409.13,47,25,Electronics,Pune,Gold,32,6.7
CUST0497,49,Female,100469,100,14,2052.81,28739.34,36,14,Fashion,Pune,Silver,47,7.9
CUST0498,18,Male,84730,67,10,1101.78,11017.8,45,83,Grocery,Pune,Silver,31,9.4
CUST0499,22,Female,59092,95,11,1559.0,17149.0,19,2,Grocery,Nagpur,Basic,25,8.3
CUST0500,62,Male,45394,70,10,1240.17,12401.7,84,34,Home & Lifestyle,Pune,Basic,11,8.4
CUST0501,21,Female,18000,52,5,1489.29,7446.45,50,67,Electronics,Pune,Basic,18,7.6
CUST0502,33,Male,49179,64,11,1375.35,15128.85,81,49,Fashion,Mumbai,Basic,36,4.9
CUST0503,41,Female,60355,69,5,1236.59,6182.95,79,6,Beauty,Nashik,Platinum,15,6.3
CUST0504,33,Male,43282,20,7,791.79,5542.53,27,31,Electronics,Mumbai,Gold,28,7.9
CUST0505,19,Male,62112,58,7,1507.69,10553.83,41,38,Beauty,Nagpur,Silver,17,7.2
CUST0506,45,Male,66691,80,21,808.04,16968.84,100,3,Electronics,Pune,Silver,9,7.9
CUST0507,49,Male,60053,61,8,1467.93,11743.44,94,50,Beauty,Pune,Basic,17,9.7
CUST0508,44,Female,50700,33,8,804.39,6435.12,54,58,Fashion,Mumbai,Platinum,48,9.0
CUST0509,37,Male,68710,65,16,1691.82,27069.12,61,39,Grocery,Mumbai,Basic,48,9.1
CUST0510,41,Female,74723,99,17,1518.56,25815.52,41,3,Electronics,Mumbai,Basic,61,7.3
CUST0511,29,Female,41011,76,26,1470.27,38227.02,75,38,Electronics,Pune,Silver,33,6.0
CUST0512,52,Female,96041,77,18,1470.72,26472.96,39,34,Fashion,Aurangabad,Gold,19,7.1
CUST0513,50,Female,62831,80,16,832.78,13324.48,10,53,Electronics,Nagpur,Gold,45,6.0
CUST0514,50,Male,65415,58,15,1020.03,15300.45,26,1,Fashion,Pune,Basic,35,9.5
CUST0515,60,Male,80581,41,13,1457.46,18946.98,55,1,Grocery,Pune,Gold,28,8.4
CUST0516,54,Female,70131,50,10,1310.39,13103.9,30,14,Grocery,Aurangabad,Basic,34,8.0
CUST0517,29,Female,85969,100,14,1862.2,26070.8,64,5,Beauty,Nagpur,Basic,0,9.1
CUST0518,20,Other,71317,62,16,1432.93,22926.88,41,25,Home & Lifestyle,Mumbai,Gold,49,4.2
CUST0519,18,Female,51526,54,8,930.57,7444.56,48,75,Grocery,Nagpur,Gold,32,8.1
CUST0520,50,Female,72953,62,9,1078.04,9702.36,74,15,Grocery,Nagpur,Silver,30,5.2
CUST0521,57,Female,39838,87,14,1348.39,18877.46,60,56,Grocery,Kolhapur,Silver,24,7.2
CUST0522,27,Male,67388,95,17,737.95,12545.15,65,1,Grocery,Mumbai,Gold,27,6.7
CUST0523,60,Male,64269,100,13,1944.84,25282.92,74,6,Beauty,Mumbai,Gold,16,8.2
CUST0524,61,Female,60421,59,6,1399.79,8398.74,66,1,Fashion,Pune,Gold,34,7.5
CUST0525,46,Female,62172,68,9,1676.63,15089.67,87,12,Electronics,Aurangabad,Silver,5,9.2
CUST0526,30,Male,23599,18,13,518.62,6742.06,45,92,Home & Lifestyle,Nashik,Platinum,28,7.0
CUST0527,29,Male,52928,85,14,1722.15,24110.1,56,3,Fashion,Pune,Platinum,33,9.0
CUST0528,48,Female,67043,44,14,1896.58,26552.12,26,28,Beauty,Aurangabad,Basic,32,7.4
CUST0529,63,Male,68517,70,10,939.29,9392.9,46,18,Beauty,Aurangabad,Gold,31,4.7
CUST0530,19,Female,42391,34,13,1344.59,17479.67,86,104,Electronics,Aurangabad,Silver,10,5.8
CUST0531,52,Female,92846,66,9,1392.87,12535.83,84,4,Electronics,Aurangabad,Silver,11,7.0
CUST0532,40,Male,45944,41,10,688.5,6885.0,76,7,Grocery,Aurangabad,Silver,29,8.9
CUST0533,34,Female,86328,63,13,1508.85,19615.05,16,1,Grocery,Pune,Basic,45,7.9
CUST0534,43,Male,74398,59,7,1559.27,10914.89,79,17,Fashion,Kolhapur,Silver,0,5.4
CUST0535,25,Female,50783,48,7,1014.01,7098.07,25,10,Home & Lifestyle,Kolhapur,Gold,33,7.0
CUST0536,46,Female,104057,97,16,1899.95,30399.2,75,61,Grocery,Pune,Basic,27,10.0
CUST0537,43,Other,38740,33,11,598.19,6580.09,47,48,Fashion,Pune,Silver,22,7.4
CUST0538,27,Female,85221,77,13,965.24,12548.12,80,29,Electronics,Aurangabad,Platinum,5,7.4
CUST0539,43,Male,87013,96,16,1536.02,24576.32,26,23,Home & Lifestyle,Mumbai,Silver,12,7.9
CUST0540,51,Female,50246,48,11,1200.35,13203.85,81,3,Fashion,Aurangabad,Basic,49,8.3
CUST0541,58,Female,95634,65,12,1181.93,14183.16,23,18,Beauty,Pune,Silver,25,6.5
CUST0542,24,Female,59499,58,7,1503.38,10523.66,50,180,Grocery,Pune,Silver,19,8.0
CUST0543,21,Male,71351,88,11,1575.32,17328.52,43,54,Grocery,Mumbai,Silver,23,6.7
CUST0544,62,Female,70727,70,18,1599.62,28793.16,16,67,Beauty,Pune,Gold,32,8.3
CUST0545,28,Male,62045,53,7,1211.19,8478.33,67,52,Beauty,Nagpur,Silver,32,7.5
CUST0546,46,Female,82838,81,18,1603.29,28859.22,95,3,Fashion,Nashik,Gold,24,7.9
CUST0547,53,Male,82457,52,11,1171.68,12888.48,100,8,Fashion,Pune,Silver,41,6.1
CUST0548,42,Female,26532,59,14,1781.74,24944.36,57,1,Home & Lifestyle,Pune,Basic,50,6.0
CUST0549,38,Male,93695,85,16,1227.32,19637.12,80,11,Grocery,Mumbai,Silver,31,8.6
CUST0550,53,Male,28425,42,18,1734.86,31227.48,60,3,Fashion,Pune,Gold,26,7.1
CUST0551,27,Male,87716,59,11,1359.61,14955.71,76,19,Sports,Kolhapur,Silver,35,7.6
CUST0552,54,Male,89788,59,12,942.71,11312.52,47,34,Fashion,Mumbai,Basic,40,6.7
CUST0553,26,Male,40999,63,7,1635.42,11447.94,69,62,Electronics,Pune,Basic,51,8.5
CUST0554,41,Male,55962,82,20,1383.66,27673.2,67,41,Electronics,Mumbai,Basic,48,6.3
CUST0555,52,Female,40674,42,6,1395.36,8372.16,42,84,Home & Lifestyle,Pune,Basic,20,7.0
CUST0556,52,Female,60272,70,6,1677.97,10067.82,53,2,Home & Lifestyle,Pune,Silver,9,8.4
CUST0557,65,Male,58223,24,7,1222.06,8554.42,54,20,Fashion,Pune,Basic,24,9.0
CUST0558,53,Male,82153,61,12,1162.79,13953.48,73,32,Fashion,Kolhapur,Gold,40,6.4
CUST0559,35,Male,93827,77,18,1732.2,31179.6,32,10,Fashion,Aurangabad,Basic,11,10.0
CUST0560,56,Female,95705,62,9,1385.34,12468.06,54,9,Home & Lifestyle,Kolhapur,Basic,41,7.7
CUST0561,49,Female,52632,42,8,1381.65,11053.2,97,12,Electronics,Mumbai,Silver,30,5.6
CUST0562,41,Female,60397,50,11,585.07,6435.77,81,9,Sports,Pune,Basic,52,7.8
CUST0563,40,Male,27964,53,15,1279.99,19199.85,85,21,Fashion,Nashik,Gold,28,6.6
CUST0564,49,Female,47271,53,15,1012.24,15183.6,56,17,Sports,Nagpur,Basic,15,7.9
CUST0565,54,Female,86227,34,12,1740.67,20888.04,62,42,Electronics,Aurangabad,Silver,11,7.1
CUST0566,29,Male,100543,42,7,1506.56,10545.92,87,34,Home & Lifestyle,Pune,Gold,7,7.3
CUST0567,30,Female,37844,41,5,1199.49,5997.45,89,15,Fashion,Pune,Silver,17,5.8
CUST0568,40,Male,51966,67,5,1419.79,7098.95,12,9,Electronics,Nagpur,Basic,32,8.7
CUST0569,42,Female,64419,15,13,803.72,10448.36,26,25,Beauty,Kolhapur,Silver,8,5.5
CUST0570,52,Male,71164,58,6,1782.47,10694.82,84,13,Beauty,Kolhapur,Gold,47,5.5
CUST0571,58,Female,47189,47,7,1776.98,12438.86,49,41,Grocery,Nagpur,Platinum,5,8.5
CUST0572,47,Female,74329,93,18,1562.86,28131.48,40,42,Home & Lifestyle,Aurangabad,Gold,45,9.6
CUST0573,34,Female,54576,53,11,1702.85,18731.35,27,33,Grocery,Mumbai,Basic,53,6.7
CUST0574,37,Female,64682,71,17,1157.3,19674.1,43,8,Beauty,Aurangabad,Platinum,38,9.0
CUST0575,65,Female,77018,72,16,1129.92,18078.72,24,27,Fashion,Aurangabad,Basic,25,8.8
CUST0576,42,Female,65141,26,15,1161.7,17425.5,100,45,Grocery,Kolhapur,Basic,40,8.4
CUST0577,39,Male,55400,74,11,1442.68,15869.48,55,20,Grocery,Mumbai,Gold,6,6.7
CUST0578,30,Female,62589,67,15,1187.57,17813.55,54,24,Fashion,Pune,Basic,49,5.6
CUST0579,36,Male,63056,73,16,1492.5,23880.0,68,20,Beauty,Nashik,Basic,34,3.9
CUST0580,53,Male,56860,100,14,1512.5,21175.0,76,25,Electronics,Mumbai,Basic,29,6.8
CUST0581,29,Male,59306,24,16,824.43,13190.88,86,58,Electronics,Aurangabad,Silver,7,9.0
CUST0582,58,Female,100170,100,19,1706.15,32416.85,79,3,Grocery,Pune,Gold,0,5.5
CUST0583,36,Female,77340,65,7,1601.08,11207.56,41,42,Home & Lifestyle,Pune,Silver,9,8.3
CUST0584,29,Female,58499,66,8,1340.94,10727.52,58,4,Fashion,Nagpur,Basic,52,5.8
CUST0585,26,Female,80333,70,11,1716.79,18884.69,82,2,Fashion,Pune,Silver,19,7.4
CUST0586,24,Other,57656,53,7,869.75,6088.25,53,112,Sports,Mumbai,Platinum,22,9.0
CUST0587,45,Female,90809,66,11,1526.81,16794.91,55,94,Fashion,Mumbai,Gold,35,6.2
CUST0588,31,Male,73132,74,18,1014.31,18257.58,64,2,Home & Lifestyle,Nashik,Basic,62,7.5
CUST0589,48,Male,62639,36,11,847.69,9324.59,72,18,Home & Lifestyle,Pune,Platinum,45,7.3
CUST0590,36,Male,74850,82,16,1213.27,19412.32,16,6,Grocery,Kolhapur,Gold,10,8.3
CUST0591,64,Male,30441,41,8,822.7,6581.6,71,20,Sports,Mumbai,Basic,6,7.6
CUST0592,33,Female,40211,33,8,938.23,7505.84,50,73,Home & Lifestyle,Aurangabad,Basic,70,7.3
CUST0593,22,Female,38734,44,10,1077.96,10779.6,81,90,Grocery,Mumbai,Basic,69,9.5
CUST0594,52,Male,68145,88,23,1657.58,38124.34,72,30,Grocery,Pune,Gold,28,8.2
CUST0595,29,Female,103115,72,13,1351.0,17563.0,100,13,Home & Lifestyle,Pune,Basic,16,6.2
CUST0596,42,Female,114089,93,13,1088.58,14151.54,85,28,Grocery,Pune,Silver,39,7.1
CUST0597,38,Female,79037,57,9,1657.13,14914.17,85,11,Beauty,Nashik,Basic,33,7.1
CUST0598,53,Female,76019,83,16,1158.93,18542.88,87,72,Fashion,Pune,Platinum,23,8.0
CUST0599,40,Female,25377,59,13,1144.51,14878.63,61,61,Fashion,Mumbai,Basic,48,10.0
CUST0600,33,Female,53061,92,9,1511.14,13600.26,56,25,Fashion,Nashik,Platinum,30,8.5
CUST0601,56,Male,47669,53,6,1264.89,7589.34,74,12,Electronics,Pune,Platinum,7,4.8
CUST0602,62,Male,51341,70,16,1612.28,25796.48,71,10,Electronics,Pune,Basic,30,6.4
CUST0603,59,Male,61301,64,14,1433.6,20070.4,48,1,Beauty,Kolhapur,Silver,35,4.3
CUST0604,56,Female,54614,83,17,1087.45,18486.65,64,51,Home & Lifestyle,Aurangabad,Basic,43,6.7
CUST0605,31,Female,21455,32,6,1695.93,10175.58,54,38,Home & Lifestyle,Pune,Platinum,29,4.9
CUST0606,48,Female,81454,85,16,1492.66,23882.56,36,12,Grocery,Pune,Silver,39,5.9
CUST0607,22,Male,41400,50,9,1130.0,10170.0,93,19,Beauty,Aurangabad,Basic,30,4.9
CUST0608,52,Male,70263,65,13,1609.97,20929.61,56,51,Grocery,Pune,Basic,38,7.8
CUST0609,40,Female,110630,86,18,1600.73,28813.14,100,4,Beauty,Aurangabad,Silver,0,7.2
CUST0610,46,Male,44774,60,14,1344.09,18817.26,19,58,Fashion,Pune,Platinum,18,8.4
CUST0611,60,Female,18000,41,11,1815.66,19972.26,43,68,Sports,Aurangabad,Gold,36,7.0
CUST0612,28,Male,58708,65,9,1203.59,10832.31,66,88,Home & Lifestyle,Mumbai,Gold,19,5.1
CUST0613,35,Male,89221,100,10,1422.33,14223.3,80,15,Fashion,Aurangabad,Basic,28,8.0
CUST0614,64,Male,108084,100,19,1609.23,30575.37,64,7,Grocery,Mumbai,Basic,19,10.0
CUST0615,29,Male,37950,68,7,1557.3,10901.1,72,14,Grocery,Nagpur,Platinum,40,8.5
CUST0616,26,Male,75927,61,8,869.82,6958.56,40,12,Electronics,Pune,Basic,43,6.6
CUST0617,27,Female,54763,44,9,600.62,5405.58,40,6,Grocery,Pune,Platinum,37,5.8
CUST0618,61,Male,62669,80,11,1181.87,13000.57,62,28,Fashion,Kolhapur,Basic,9,5.8
CUST0619,34,Female,123176,100,14,1129.35,15810.9,25,19,Electronics,Mumbai,Basic,33,7.9
CUST0620,55,Male,31935,76,17,1122.36,19080.12,43,60,Sports,Aurangabad,Gold,21,8.8
CUST0621,24,Male,70582,56,12,1436.5,17238.0,76,1,Home & Lifestyle,Mumbai,Platinum,21,8.3
CUST0622,63,Male,75289,65,13,1068.64,13892.32,33,31,Beauty,Kolhapur,Platinum,16,9.1
CUST0623,30,Female,88887,45,7,868.61,6080.27,90,43,Home & Lifestyle,Mumbai,Basic,30,8.3
CUST0624,57,Male,67156,58,11,1304.27,14346.97,82,43,Fashion,Aurangabad,Basic,48,8.0
CUST0625,59,Male,71777,85,14,1664.09,23297.26,20,65,Grocery,Aurangabad,Silver,0,6.2
CUST0626,26,Male,56384,52,14,718.66,10061.24,44,39,Home & Lifestyle,Mumbai,Silver,52,7.5
CUST0627,44,Female,70921,78,14,1620.83,22691.62,5,79,Sports,Aurangabad,Gold,32,5.9
CUST0628,19,Female,57450,57,7,1495.54,10468.78,48,12,Fashion,Kolhapur,Basic,34,7.2
CUST0629,22,Female,78675,76,15,1676.25,25143.75,82,21,Beauty,Pune,Platinum,39,8.4
CUST0630,46,Female,56869,40,13,1546.15,20099.95,46,1,Sports,Nashik,Silver,3,9.7
CUST0631,54,Male,73296,70,12,2010.49,24125.88,65,1,Home & Lifestyle,Pune,Gold,15,5.2
CUST0632,55,Female,64356,10,10,976.24,9762.4,22,28,Sports,Kolhapur,Silver,23,7.9
CUST0633,36,Male,89773,72,15,1440.19,21602.85,73,3,Fashion,Pune,Silver,45,9.4
CUST0634,25,Female,63869,34,15,1052.68,15790.2,53,29,Sports,Pune,Platinum,24,9.0
CUST0635,65,Female,25993,68,17,1200.57,20409.69,55,6,Home & Lifestyle,Mumbai,Silver,32,8.4
CUST0636,62,Male,92762,91,16,1952.15,31234.4,53,1,Electronics,Nashik,Gold,16,8.1
CUST0637,18,Male,45074,64,6,837.72,5026.32,37,72,Sports,Kolhapur,Platinum,32,9.8
CUST0638,39,Male,50617,85,10,1083.54,10835.4,30,1,Grocery,Aurangabad,Silver,50,5.6
CUST0639,34,Male,51895,41,9,1582.84,14245.56,76,40,Grocery,Mumbai,Silver,40,5.1
CUST0640,24,Male,95238,100,12,1841.72,22100.64,74,5,Grocery,Pune,Basic,34,7.2
CUST0641,42,Female,18015,60,9,1035.11,9315.99,78,73,Electronics,Nagpur,Basic,45,4.0
CUST0642,62,Other,134030,91,17,1872.41,31830.97,62,67,Grocery,Nashik,Basic,44,9.0
CUST0643,21,Male,88233,95,15,1597.06,23955.9,68,32,Beauty,Mumbai,Basic,43,9.0
CUST0644,53,Male,69911,47,8,1697.82,13582.56,17,33,Electronics,Mumbai,Basic,52,6.5
CUST0645,23,Female,63792,49,6,1259.73,7558.38,59,1,Fashion,Mumbai,Basic,52,6.6
CUST0646,48,Male,71282,56,7,1595.54,11168.78,54,126,Electronics,Mumbai,Basic,33,7.1
CUST0647,36,Female,76465,60,4,2112.0,8448.0,98,63,Grocery,Nagpur,Silver,35,7.3
CUST0648,61,Female,79195,52,9,1475.01,13275.09,70,68,Home & Lifestyle,Nashik,Basic,29,7.4
CUST0649,56,Female,77223,92,17,1464.47,24895.99,89,32,Beauty,Aurangabad,Basic,21,8.0
CUST0650,44,Female,66971,60,7,1507.65,10553.55,68,13,Sports,Nashik,Silver,21,6.9
CUST0651,27,Male,60659,69,9,1198.39,10785.51,49,67,Grocery,Pune,Silver,24,8.6
CUST0652,43,Male,61672,52,18,1959.41,35269.38,58,10,Fashion,Kolhapur,Silver,0,7.9
CUST0653,36,Male,60712,30,8,1206.16,9649.28,60,45,Sports,Nashik,Silver,38,6.3
CUST0654,56,Female,89943,80,11,1357.95,14937.45,34,3,Home & Lifestyle,Pune,Gold,0,9.2
CUST0655,20,Female,78058,36,13,977.47,12707.11,57,77,Grocery,Nashik,Silver,66,5.2
CUST0656,62,Female,18000,42,8,1401.17,11209.36,50,5,Home & Lifestyle,Mumbai,Silver,48,7.1
CUST0657,30,Other,79430,46,9,1532.45,13792.05,90,8,Sports,Kolhapur,Platinum,21,9.4
CUST0658,45,Female,69284,100,15,1308.65,19629.75,9,25,Home & Lifestyle,Mumbai,Gold,25,6.1
CUST0659,37,Male,64588,80,20,1536.7,30734.0,82,43,Fashion,Nagpur,Silver,30,7.7
CUST0660,45,Male,56453,62,13,814.79,10592.27,34,29,Home & Lifestyle,Pune,Silver,16,8.0
CUST0661,25,Female,89730,98,8,1566.68,12533.44,35,8,Electronics,Mumbai,Basic,38,5.9
CUST0662,58,Male,85846,58,10,1475.36,14753.6,81,1,Fashion,Aurangabad,Silver,23,7.1
CUST0663,56,Female,47997,66,11,1770.19,19472.09,71,42,Grocery,Kolhapur,Platinum,24,7.7
CUST0664,18,Male,73955,72,23,1128.62,25958.26,93,126,Electronics,Pune,Silver,28,6.4
CUST0665,20,Male,43624,59,6,833.37,5000.22,83,50,Electronics,Pune,Platinum,5,10.0
CUST0666,30,Female,34648,73,15,977.32,14659.8,100,18,Electronics,Mumbai,Silver,26,6.1
CUST0667,45,Female,51212,71,15,886.67,13300.05,67,70,Home & Lifestyle,Nagpur,Platinum,27,9.4
CUST0668,42,Male,83973,78,15,1814.92,27223.8,52,16,Beauty,Nagpur,Silver,27,6.6
CUST0669,50,Male,85969,44,11,1748.5,19233.5,63,22,Sports,Nagpur,Basic,32,5.6
CUST0670,55,Female,76288,52,14,1382.93,19361.02,82,19,Fashion,Mumbai,Silver,42,7.4
CUST0671,23,Male,80952,69,10,1735.24,17352.4,48,18,Grocery,Kolhapur,Basic,30,8.2
CUST0672,61,Male,76356,71,16,1403.26,22452.16,41,45,Sports,Mumbai,Basic,38,8.6
CUST0673,62,Male,50887,38,9,1126.13,10135.17,48,22,Electronics,Pune,Gold,44,9.5
CUST0674,49,Female,74502,100,11,1373.59,15109.49,9,11,Home & Lifestyle,Nashik,Basic,34,10.0
CUST0675,62,Male,82609,99,15,1400.71,21010.65,58,9,Home & Lifestyle,Aurangabad,Gold,28,7.6
CUST0676,64,Male,81594,83,14,962.44,13474.16,14,1,Electronics,Kolhapur,Basic,34,6.2
CUST0677,38,Female,91156,77,19,1510.74,28704.06,56,26,Beauty,Nashik,Basic,54,7.9
CUST0678,33,Female,80583,67,5,1347.65,6738.25,74,8,Beauty,Nashik,Platinum,21,7.5
CUST0679,38,Male,72732,51,14,1495.8,20941.2,45,5,Electronics,Aurangabad,Basic,54,8.6
CUST0680,28,Female,88543,76,17,1447.69,24610.73,100,32,Electronics,Mumbai,Silver,23,5.3
CUST0681,54,Male,64417,69,11,1270.44,13974.84,23,34,Electronics,Mumbai,Silver,12,10.0
CUST0682,53,Male,45599,33,13,857.44,11146.72,81,62,Fashion,Aurangabad,Silver,35,8.5
CUST0683,52,Female,61413,69,11,1331.88,14650.68,70,21,Grocery,Kolhapur,Platinum,20,5.4
CUST0684,36,Male,48612,54,6,1433.31,8599.86,17,67,Grocery,Mumbai,Silver,34,6.1
CUST0685,37,Female,50146,23,11,749.44,8243.84,100,103,Fashion,Mumbai,Silver,0,8.4
CUST0686,35,Male,61821,47,9,1249.71,11247.39,54,49,Sports,Mumbai,Gold,25,9.0
CUST0687,64,Female,47567,49,12,1258.61,15103.32,36,30,Fashion,Pune,Basic,28,5.3
CUST0688,58,Male,58225,95,10,1189.26,11892.6,24,11,Electronics,Aurangabad,Silver,9,8.3
CUST0689,31,Female,23340,56,10,967.66,9676.6,50,122,Fashion,Mumbai,Platinum,17,5.0
CUST0690,32,Female,69692,42,14,1296.26,18147.64,52,10,Grocery,Aurangabad,Silver,16,7.1
CUST0691,48,Male,65027,73,15,997.05,14955.75,57,7,Grocery,Pune,Gold,24,8.9
CUST0692,18,Female,47024,28,9,1208.05,10872.45,58,38,Fashion,Nashik,Silver,4,6.4
CUST0693,20,Male,79503,90,15,1179.9,17698.5,79,2,Electronics,Pune,Gold,30,4.9
CUST0694,33,Female,85627,65,7,1685.74,11800.18,46,115,Beauty,Nagpur,Platinum,45,8.1
CUST0695,40,Male,29634,47,10,1828.25,18282.5,12,27,Sports,Nashik,Basic,39,6.3
CUST0696,28,Female,48220,81,10,1060.43,10604.3,62,24,Fashion,Nashik,Basic,47,8.1
CUST0697,29,Male,48079,33,17,1286.5,21870.5,13,52,Fashion,Pune,Silver,41,5.9
CUST0698,27,Female,44322,30,6,884.94,5309.64,73,41,Grocery,Pune,Gold,44,6.0
CUST0699,49,Female,83248,62,8,1660.03,13280.24,33,1,Home & Lifestyle,Pune,Basic,63,4.2
CUST0700,33,Female,60736,81,13,976.63,12696.19,59,28,Fashion,Mumbai,Basic,28,7.5
CUST0701,25,Female,59181,34,10,1307.72,13077.2,94,58,Sports,Nashik,Basic,24,7.0
CUST0702,55,Male,20915,1,9,654.85,5893.65,34,36,Grocery,Nashik,Platinum,37,6.1
CUST0703,29,Female,78979,62,7,1272.84,8909.88,88,42,Grocery,Nashik,Gold,36,7.5
CUST0704,41,Male,37736,62,13,901.9,11724.7,45,8,Home & Lifestyle,Nashik,Silver,37,8.7
CUST0705,45,Female,66319,86,17,1639.66,27874.22,94,8,Sports,Pune,Basic,63,6.9
CUST0706,25,Female,71102,59,9,1048.21,9433.89,57,5,Beauty,Pune,Basic,35,7.6
CUST0707,45,Male,94934,70,8,1580.39,12643.12,37,14,Electronics,Pune,Basic,41,7.6
CUST0708,53,Male,36206,72,12,1143.39,13720.68,70,56,Fashion,Kolhapur,Basic,20,5.4
CUST0709,43,Female,18000,9,7,905.66,6339.62,45,73,Grocery,Nashik,Platinum,57,10.0
CUST0710,25,Female,69045,59,8,1337.46,10699.68,46,14,Fashion,Pune,Platinum,20,7.2
CUST0711,45,Female,104611,86,11,1279.29,14072.19,44,27,Home & Lifestyle,Pune,Basic,30,8.2
CUST0712,45,Male,92257,85,15,1529.88,22948.2,54,38,Beauty,Aurangabad,Basic,30,8.4
CUST0713,54,Male,69613,57,16,1745.94,27935.04,85,8,Home & Lifestyle,Nagpur,Basic,25,7.0
CUST0714,58,Female,54184,60,8,1019.12,8152.96,12,6,Sports,Nagpur,Silver,14,8.1
CUST0715,53,Male,82757,27,8,1557.81,12462.48,56,127,Fashion,Mumbai,Basic,27,7.6
CUST0716,44,Male,43582,43,3,1602.18,4806.54,69,29,Beauty,Pune,Basic,15,5.1
CUST0717,34,Male,75480,77,15,1139.59,17093.85,59,120,Home & Lifestyle,Aurangabad,Basic,23,6.7
CUST0718,26,Male,76120,52,6,849.84,5099.04,94,12,Fashion,Kolhapur,Gold,54,6.3
CUST0719,50,Female,88325,76,14,1509.56,21133.84,53,36,Home & Lifestyle,Mumbai,Gold,36,6.5
CUST0720,37,Female,125713,100,15,1462.92,21943.8,51,8,Electronics,Kolhapur,Silver,39,5.2
CUST0721,30,Female,73633,62,11,1879.48,20674.28,68,9,Beauty,Nagpur,Silver,43,8.9
CUST0722,45,Female,53803,62,10,1269.85,12698.5,57,22,Grocery,Mumbai,Platinum,53,10.0
CUST0723,65,Male,64437,47,13,990.65,12878.45,46,12,Fashion,Mumbai,Platinum,0,9.4
CUST0724,46,Male,26080,43,10,756.09,7560.9,66,6,Home & Lifestyle,Pune,Basic,17,9.1
CUST0725,30,Female,49716,68,11,1598.12,17579.32,41,9,Home & Lifestyle,Pune,Basic,23,6.7
CUST0726,63,Female,55996,63,3,1098.63,3295.89,42,1,Fashion,Nagpur,Silver,18,6.2
CUST0727,52,Female,53470,49,7,1219.56,8536.92,43,37,Electronics,Pune,Basic,30,6.0
CUST0728,23,Male,68352,70,12,1621.8,19461.6,95,20,Grocery,Kolhapur,Silver,18,8.2
CUST0729,35,Female,46907,69,6,1121.44,6728.64,5,3,Grocery,Aurangabad,Silver,28,7.5
CUST0730,22,Male,89663,38,6,1257.21,7543.26,74,6,Beauty,Pune,Silver,26,7.1
CUST0731,64,Female,65005,85,12,1380.04,16560.48,56,3,Sports,Mumbai,Basic,24,9.1
CUST0732,42,Female,64795,58,7,1481.38,10369.66,18,28,Grocery,Kolhapur,Silver,0,7.8
CUST0733,19,Other,57786,69,3,1476.58,4429.74,72,3,Home & Lifestyle,Kolhapur,Platinum,10,6.6
CUST0734,27,Male,68414,87,15,1337.21,20058.15,75,42,Grocery,Nagpur,Basic,27,6.2
CUST0735,47,Female,83152,48,11,1310.55,14416.05,68,1,Home & Lifestyle,Mumbai,Silver,21,8.2
CUST0736,62,Male,45923,43,7,1048.24,7337.68,5,9,Fashion,Mumbai,Basic,18,8.8
CUST0737,22,Male,50521,53,11,770.28,8473.08,95,66,Fashion,Nashik,Basic,28,8.0
CUST0738,50,Male,58318,47,13,1290.23,16772.99,39,38,Home & Lifestyle,Aurangabad,Silver,8,10.0
CUST0739,18,Female,35391,82,11,1851.83,20370.13,80,2,Electronics,Mumbai,Basic,33,9.7
CUST0740,35,Male,46976,41,12,889.81,10677.72,71,52,Home & Lifestyle,Aurangabad,Basic,19,7.9
CUST0741,49,Female,54523,50,12,981.66,11779.92,36,20,Beauty,Pune,Basic,22,5.9
CUST0742,64,Male,84237,77,12,1149.49,13793.88,70,56,Fashion,Aurangabad,Silver,5,5.2
CUST0743,28,Female,70776,45,12,1459.71,17516.52,57,28,Grocery,Nagpur,Gold,23,6.6
CUST0744,38,Female,69259,59,15,1428.32,21424.8,9,34,Beauty,Mumbai,Basic,22,8.3
CUST0745,43,Female,83720,78,12,1365.6,16387.2,81,151,Home & Lifestyle,Nashik,Silver,39,9.9
CUST0746,42,Male,61978,57,9,988.53,8896.77,38,8,Fashion,Pune,Basic,41,7.8
CUST0747,39,Female,73590,66,10,1362.48,13624.8,36,29,Fashion,Pune,Silver,24,9.0
CUST0748,44,Male,62729,54,9,784.8,7063.2,46,19,Home & Lifestyle,Pune,Silver,13,6.8
CUST0749,30,Male,70838,40,6,1265.54,7593.24,61,1,Grocery,Pune,Silver,31,8.1
CUST0750,50,Female,52179,64,9,1523.99,13715.91,54,1,Electronics,Mumbai,Platinum,35,9.1
CUST0751,51,Male,18000,75,18,828.64,14915.52,67,4,Fashion,Nagpur,Platinum,27,4.9
CUST0752,58,Female,62046,63,7,828.38,5798.66,26,31,Beauty,Nashik,Basic,59,6.6
CUST0753,52,Male,96300,82,10,1940.73,19407.3,39,25,Home & Lifestyle,Pune,Gold,32,8.6
CUST0754,18,Female,85377,86,18,1266.6,22798.8,62,24,Sports,Kolhapur,Basic,49,7.6
CUST0755,38,Male,86239,51,10,1653.5,16535.0,97,1,Home & Lifestyle,Nashik,Platinum,27,6.1
CUST0756,65,Male,92195,100,14,1480.39,20725.46,52,19,Sports,Aurangabad,Basic,45,3.6
CUST0757,23,Male,66950,69,11,1278.26,14060.86,89,78,Fashion,Nagpur,Silver,13,6.7
CUST0758,45,Male,69341,96,20,1573.55,31471.0,56,15,Home & Lifestyle,Pune,Basic,28,7.1
CUST0759,34,Male,51412,45,10,919.04,9190.4,44,29,Electronics,Mumbai,Basic,40,5.9
CUST0760,22,Male,58046,94,18,1439.89,25918.02,60,45,Home & Lifestyle,Nashik,Gold,30,7.4
CUST0761,48,Male,78547,84,17,1307.19,22222.23,51,46,Grocery,Pune,Platinum,33,8.7
CUST0762,22,Male,91485,86,15,1072.31,16084.65,78,22,Fashion,Pune,Silver,42,8.2
CUST0763,55,Female,61932,67,8,1405.04,11240.32,85,59,Beauty,Pune,Gold,4,3.7
CUST0764,20,Male,55096,55,9,1156.3,10406.7,73,15,Beauty,Pune,Gold,10,5.2
CUST0765,40,Male,65012,86,16,1341.93,21470.88,81,66,Electronics,Mumbai,Basic,38,6.7
CUST0766,54,Male,78227,73,19,1013.63,19258.97,34,8,Grocery,Mumbai,Basic,24,8.1
CUST0767,54,Female,33235,15,6,1487.13,8922.78,46,30,Fashion,Pune,Basic,80,7.9
CUST0768,27,Male,18000,23,14,1259.01,17626.14,49,22,Grocery,Nagpur,Basic,43,7.9
CUST0769,27,Female,52888,55,8,1517.91,12143.28,72,48,Beauty,Nashik,Basic,34,6.6
CUST0770,36,Male,38144,58,4,1104.8,4419.2,47,16,Fashion,Mumbai,Basic,27,6.7
CUST0771,34,Female,53821,58,11,724.71,7971.81,71,8,Sports,Pune,Basic,28,6.1
CUST0772,38,Male,61749,85,12,1961.12,23533.44,35,8,Electronics,Pune,Basic,35,8.4
CUST0773,31,Other,55029,25,14,1096.76,15354.64,56,90,Home & Lifestyle,Mumbai,Platinum,27,6.5
CUST0774,26,Female,96954,81,18,1240.22,22323.96,80,54,Home & Lifestyle,Pune,Basic,28,8.5
CUST0775,63,Male,72188,35,7,1331.6,9321.2,10,24,Fashion,Mumbai,Silver,21,7.5
CUST0776,18,Female,71610,81,19,1738.97,33040.43,100,29,Fashion,Nashik,Silver,45,7.1
CUST0777,62,Male,78689,69,6,1355.15,8130.9,49,19,Beauty,Nashik,Silver,46,6.2
CUST0778,30,Male,39946,61,17,1597.41,27155.97,10,15,Home & Lifestyle,Pune,Basic,39,5.2
CUST0779,21,Male,87860,59,8,1674.48,13395.84,68,74,Fashion,Mumbai,Basic,15,6.2
CUST0780,18,Male,63333,87,17,1065.08,18106.36,66,4,Grocery,Nashik,Basic,43,6.7
CUST0781,57,Male,79751,90,18,1247.12,22448.16,53,16,Electronics,Kolhapur,Silver,48,3.6
CUST0782,49,Female,41419,64,10,1517.52,15175.2,77,13,Fashion,Nagpur,Basic,56,6.9
CUST0783,51,Female,30817,47,9,316.67,2850.03,71,21,Grocery,Nashik,Silver,36,8.6
CUST0784,45,Male,82994,83,14,1386.15,19406.1,62,18,Electronics,Mumbai,Gold,46,8.1
CUST0785,48,Male,73281,55,10,860.59,8605.9,65,22,Beauty,Mumbai,Silver,26,6.5
CUST0786,25,Male,45155,71,14,1126.5,15771.0,63,5,Home & Lifestyle,Aurangabad,Silver,34,7.3
CUST0787,56,Male,45867,85,17,1237.95,21045.15,94,22,Sports,Pune,Silver,15,6.4
CUST0788,43,Female,89760,95,13,1391.81,18093.53,22,8,Home & Lifestyle,Aurangabad,Gold,29,7.4
CUST0789,51,Male,38833,39,12,956.82,11481.84,58,6,Sports,Nagpur,Basic,55,9.5
CUST0790,20,Female,101139,87,16,1172.27,18756.32,66,2,Grocery,Nagpur,Gold,16,8.7
CUST0791,29,Male,45186,32,11,1801.13,19812.43,83,63,Grocery,Pune,Gold,12,8.0
CUST0792,18,Female,79045,81,15,1971.37,29570.55,46,17,Sports,Nashik,Silver,26,6.5
CUST0793,61,Female,57770,69,5,950.69,4753.45,17,30,Home & Lifestyle,Mumbai,Basic,32,8.3
CUST0794,22,Female,78270,37,17,1707.45,29026.65,68,39,Electronics,Pune,Silver,35,4.7
CUST0795,47,Female,53029,38,10,1041.25,10412.5,61,34,Home & Lifestyle,Pune,Basic,28,6.8
CUST0796,47,Male,61419,58,10,1305.01,13050.1,88,19,Sports,Aurangabad,Basic,61,8.1
CUST0797,34,Female,65900,59,7,1264.72,8853.04,27,15,Beauty,Nashik,Basic,16,8.3
CUST0798,65,Female,42952,33,6,912.93,5477.58,80,34,Grocery,Mumbai,Basic,54,8.2
CUST0799,64,Female,81298,79,15,1705.05,25575.75,100,31,Home & Lifestyle,Pune,Silver,14,7.6
CUST0800,40,Female,53709,64,7,1304.89,9134.23,47,20,Sports,Nagpur,Gold,0,6.9
CUST0801,32,Female,59971,58,11,1118.95,12308.45,27,57,Electronics,Nagpur,Basic,39,8.0
CUST0802,54,Female,43124,41,9,752.0,6768.0,46,62,Home & Lifestyle,Nashik,Platinum,21,6.5
CUST0803,38,Male,18000,62,11,883.92,9723.12,55,6,Fashion,Mumbai,Platinum,8,6.6
CUST0804,31,Male,60797,92,15,907.98,13619.7,67,4,Home & Lifestyle,Mumbai,Platinum,0,8.0
CUST0805,19,Male,118078,79,9,1523.9,13715.1,52,30,Grocery,Nashik,Gold,25,7.5
CUST0806,28,Female,82261,61,7,981.78,6872.46,99,11,Electronics,Pune,Basic,50,4.5
CUST0807,56,Female,64576,73,15,1256.06,18840.9,30,1,Fashion,Aurangabad,Basic,44,7.9
CUST0808,55,Male,59216,55,9,1658.68,14928.12,17,66,Home & Lifestyle,Nashik,Silver,26,8.4
CUST0809,51,Male,65494,62,10,1654.27,16542.7,79,8,Electronics,Mumbai,Silver,32,7.1
CUST0810,55,Female,77037,83,17,1403.43,23858.31,5,79,Fashion,Mumbai,Gold,25,10.0
CUST0811,51,Female,39022,18,7,1012.94,7090.58,51,58,Beauty,Kolhapur,Platinum,4,6.9
CUST0812,35,Female,89515,99,16,2078.51,33256.16,100,43,Fashion,Pune,Silver,4,6.7
CUST0813,47,Female,80738,73,15,1540.44,23106.6,55,7,Grocery,Mumbai,Basic,32,6.6
CUST0814,32,Female,80800,64,10,1250.06,12500.6,30,8,Sports,Nagpur,Basic,33,7.1
CUST0815,44,Male,74646,67,8,914.13,7313.04,54,22,Fashion,Mumbai,Basic,48,6.7
CUST0816,51,Male,65432,64,5,1420.46,7102.3,54,6,Fashion,Kolhapur,Silver,36,5.1
CUST0817,55,Male,79803,40,12,1498.21,17978.52,59,11,Grocery,Pune,Silver,34,6.4
CUST0818,50,Male,78020,97,15,1282.56,19238.4,70,12,Home & Lifestyle,Nagpur,Gold,21,7.1
CUST0819,41,Male,57211,61,9,1352.99,12176.91,32,5,Sports,Pune,Silver,4,9.0
CUST0820,32,Male,52381,67,8,1166.07,9328.56,92,7,Sports,Pune,Platinum,31,10.0
CUST0821,47,Male,67241,82,8,1324.51,10596.08,60,47,Home & Lifestyle,Aurangabad,Silver,33,9.2
CUST0822,59,Female,99078,61,14,644.89,9028.46,71,5,Fashion,Nashik,Gold,0,6.0
CUST0823,34,Female,37740,61,7,1140.69,7984.83,41,1,Electronics,Mumbai,Basic,22,6.2
CUST0824,22,Female,32714,45,9,1418.95,12770.55,93,30,Fashion,Pune,Gold,15,7.0
CUST0825,46,Male,68625,81,18,1190.45,21428.1,49,112,Electronics,Nashik,Silver,27,9.9
CUST0826,21,Male,66120,26,4,1168.12,4672.48,71,32,Home & Lifestyle,Mumbai,Basic,23,7.0
CUST0827,27,Female,68814,64,9,1085.66,9770.94,44,4,Home & Lifestyle,Aurangabad,Basic,34,5.2
CUST0828,34,Male,70367,56,8,1393.23,11145.84,33,25,Electronics,Aurangabad,Platinum,22,7.1
CUST0829,27,Female,60090,70,14,1245.31,17434.34,80,71,Beauty,Nashik,Basic,33,8.3
CUST0830,34,Male,97777,87,18,1209.56,21772.08,45,46,Fashion,Mumbai,Silver,14,8.2
CUST0831,37,Female,29780,36,10,1483.11,14831.1,36,29,Grocery,Mumbai,Basic,25,6.9
CUST0832,41,Female,46773,43,6,1441.0,8646.0,41,11,Home & Lifestyle,Nagpur,Silver,9,8.2
CUST0833,22,Female,62728,61,8,1100.71,8805.68,80,23,Grocery,Pune,Gold,31,3.8
CUST0834,51,Female,28850,32,12,1213.89,14566.68,41,23,Grocery,Mumbai,Basic,44,7.4
CUST0835,23,Female,61131,78,16,1506.62,24105.92,62,34,Electronics,Pune,Silver,13,8.5
CUST0836,19,Female,101552,74,24,1643.35,39440.4,65,39,Grocery,Pune,Platinum,48,6.7
CUST0837,30,Male,65460,12,4,586.1,2344.4,13,121,Home & Lifestyle,Pune,Gold,20,5.9
CUST0838,60,Male,70075,60,9,1602.21,14419.89,23,9,Sports,Mumbai,Gold,48,4.4
CUST0839,60,Female,37276,33,15,922.92,13843.8,62,21,Grocery,Kolhapur,Silver,15,9.6
CUST0840,65,Male,51440,29,11,1012.97,11142.67,39,44,Grocery,Mumbai,Basic,5,6.1
CUST0841,28,Male,56746,38,8,1963.6,15708.8,88,37,Home & Lifestyle,Mumbai,Silver,31,7.6
CUST0842,64,Female,58010,63,17,1366.59,23232.03,76,47,Sports,Pune,Gold,29,8.1
CUST0843,40,Female,93196,100,18,1413.69,25446.42,71,6,Fashion,Nashik,Basic,36,9.5
CUST0844,33,Female,77269,75,15,720.22,10803.3,95,9,Grocery,Pune,Basic,25,7.0
CUST0845,48,Female,40548,42,11,1556.57,17122.27,53,22,Beauty,Nashik,Basic,34,6.4
CUST0846,28,Male,70423,75,15,957.71,14365.65,79,12,Grocery,Aurangabad,Silver,17,7.5
CUST0847,33,Female,75961,61,10,1020.85,10208.5,42,59,Electronics,Pune,Gold,20,9.1
CUST0848,25,Male,90083,63,11,1272.84,14001.24,100,19,Home & Lifestyle,Pune,Basic,48,6.9
CUST0849,21,Male,99772,59,11,1810.24,19912.64,100,48,Fashion,Mumbai,Silver,28,5.8
CUST0850,57,Female,42668,23,7,1301.98,9113.86,55,46,Grocery,Aurangabad,Platinum,34,5.6
CUST0851,21,Male,47161,49,17,1140.13,19382.21,74,44,Grocery,Kolhapur,Basic,32,5.4
CUST0852,42,Female,37333,55,9,1274.49,11470.41,85,12,Beauty,Aurangabad,Gold,20,8.5
CUST0853,20,Male,59852,60,11,1089.44,11983.84,62,53,Grocery,Mumbai,Platinum,8,7.4
CUST0854,49,Female,75260,61,9,1361.68,12255.12,41,10,Fashion,Aurangabad,Platinum,19,7.0
CUST0855,20,Male,86721,57,19,1360.16,25843.04,84,24,Fashion,Pune,Basic,0,6.1
CUST0856,44,Male,63329,74,14,1626.62,22772.68,57,7,Beauty,Pune,Basic,26,7.3
CUST0857,46,Female,57963,37,7,1462.04,10234.28,59,19,Electronics,Kolhapur,Basic,34,6.8
CUST0858,49,Male,68339,80,12,1523.21,18278.52,37,11,Grocery,Aurangabad,Gold,33,6.8
CUST0859,36,Male,46627,38,10,1033.18,10331.8,17,9,Fashion,Pune,Gold,21,9.2
CUST0860,38,Male,110970,71,10,1689.46,16894.6,60,102,Home & Lifestyle,Pune,Silver,30,9.5
CUST0861,22,Male,29631,22,10,999.3,9993.0,85,25,Grocery,Pune,Basic,2,4.8
CUST0862,35,Male,69064,57,7,960.62,6724.34,50,46,Fashion,Pune,Basic,34,7.7
CUST0863,45,Female,109519,100,18,1457.57,26236.26,87,124,Fashion,Pune,Silver,0,6.0
CUST0864,59,Female,65150,74,14,1366.81,19135.34,40,1,Beauty,Aurangabad,Silver,7,6.8
CUST0865,39,Male,60819,80,15,1625.52,24382.8,32,36,Grocery,Nagpur,Gold,22,7.7
CUST0866,38,Female,57136,70,16,1246.35,19941.6,54,9,Home & Lifestyle,Kolhapur,Silver,44,6.9
CUST0867,23,Male,61031,43,4,842.33,3369.32,63,1,Beauty,Kolhapur,Basic,41,7.5
CUST0868,18,Male,95203,72,15,1440.63,21609.45,82,15,Sports,Nashik,Basic,35,8.2
CUST0869,22,Female,18000,29,7,1054.04,7378.28,48,102,Fashion,Kolhapur,Basic,35,7.6
CUST0870,58,Female,98736,100,24,1601.96,38447.04,85,1,Sports,Nashik,Basic,24,6.2
CUST0871,29,Male,33673,29,10,1342.98,13429.8,100,47,Electronics,Mumbai,Basic,27,6.3
CUST0872,43,Female,59134,78,16,1645.08,26321.28,54,21,Fashion,Nashik,Basic,41,5.0
CUST0873,63,Male,55557,76,11,1142.41,12566.51,82,62,Beauty,Nashik,Basic,14,5.9
CUST0874,51,Female,77948,100,13,1299.0,16887.0,32,3,Fashion,Kolhapur,Basic,44,10.0
CUST0875,31,Male,29841,41,11,791.46,8706.06,79,34,Fashion,Aurangabad,Gold,19,6.0
CUST0876,43,Female,75168,82,14,1613.15,22584.1,78,34,Fashion,Mumbai,Basic,47,5.4
CUST0877,62,Male,109535,100,12,2013.25,24159.0,74,33,Grocery,Nagpur,Silver,39,7.7
CUST0878,44,Female,35010,40,7,1020.51,7143.57,55,86,Grocery,Pune,Gold,0,7.0
CUST0879,26,Male,69174,38,6,1137.09,6822.54,5,52,Home & Lifestyle,Kolhapur,Silver,16,6.9
CUST0880,43,Female,50436,24,12,1537.34,18448.08,41,21,Beauty,Mumbai,Platinum,12,10.0
CUST0881,64,Male,74370,81,14,1548.78,21682.92,41,19,Home & Lifestyle,Pune,Basic,8,8.0
CUST0882,39,Male,65421,31,11,1301.13,14312.43,33,35,Fashion,Mumbai,Gold,10,6.4
CUST0883,64,Female,50887,51,15,849.39,12740.85,58,11,Sports,Nashik,Platinum,62,7.3
CUST0884,47,Female,75733,77,14,1588.82,22243.48,46,18,Fashion,Pune,Gold,34,6.4
CUST0885,60,Female,104696,85,17,1225.35,20830.95,37,15,Electronics,Aurangabad,Basic,64,8.5
CUST0886,65,Male,60800,70,12,972.19,11666.28,32,17,Electronics,Pune,Basic,47,6.7
CUST0887,34,Male,80835,75,15,1288.47,19327.05,39,116,Grocery,Aurangabad,Basic,24,4.5
CUST0888,43,Male,36548,74,12,1079.91,12958.92,80,3,Electronics,Nagpur,Silver,19,7.1
CUST0889,53,Female,43958,38,9,1067.39,9606.51,40,77,Electronics,Mumbai,Gold,34,4.9
CUST0890,18,Female,75393,57,9,871.88,7846.92,54,20,Fashion,Mumbai,Basic,42,10.0
CUST0891,25,Male,97651,65,12,1690.6,20287.2,55,29,Fashion,Nagpur,Silver,16,5.8
CUST0892,52,Male,72823,83,10,1738.77,17387.7,62,53,Grocery,Nashik,Gold,2,7.0
CUST0893,32,Other,58113,77,20,748.14,14962.8,65,13,Beauty,Nagpur,Silver,74,7.6
CUST0894,64,Female,64984,72,15,1626.49,24397.35,5,17,Home & Lifestyle,Mumbai,Gold,23,6.8
CUST0895,39,Male,37491,73,14,1011.31,14158.34,77,16,Fashion,Mumbai,Gold,20,6.8
CUST0896,31,Female,78299,49,10,1537.99,15379.9,87,14,Fashion,Aurangabad,Basic,37,7.8
CUST0897,43,Female,84411,100,11,1482.7,16309.7,32,78,Sports,Pune,Silver,21,9.5
CUST0898,45,Male,55054,87,21,1371.79,28807.59,34,53,Electronics,Mumbai,Basic,37,8.4
CUST0899,40,Male,54659,73,12,1250.45,15005.4,45,3,Beauty,Mumbai,Silver,44,9.4
CUST0900,31,Other,70849,99,12,1822.19,21866.28,38,3,Fashion,Nagpur,Platinum,23,6.3
CUST0901,41,Female,55392,30,10,764.3,7643.0,60,37,Sports,Nagpur,Gold,8,7.7
CUST0902,19,Female,63545,54,5,1438.99,7194.95,22,3,Fashion,Mumbai,Silver,23,7.4
CUST0903,62,Male,111194,72,15,1801.98,27029.7,30,29,Grocery,Pune,Basic,28,7.7
CUST0904,43,Male,59565,75,18,1543.6,27784.8,89,5,Home & Lifestyle,Pune,Basic,56,9.3
CUST0905,31,Female,57117,42,13,1886.76,24527.88,35,22,Grocery,Mumbai,Silver,43,6.9
CUST0906,24,Female,50754,71,15,1127.58,16913.7,92,1,Fashion,Mumbai,Basic,37,6.6
CUST0907,20,Female,81372,96,14,1765.31,24714.34,73,11,Grocery,Aurangabad,Silver,6,8.0
CUST0908,64,Male,61013,75,17,1301.21,22120.57,15,34,Home & Lifestyle,Mumbai,Basic,17,4.5
CUST0909,40,Female,50714,63,11,1624.16,17865.76,69,20,Electronics,Pune,Basic,35,6.8
CUST0910,63,Female,94069,60,15,1369.9,20548.5,52,115,Electronics,Aurangabad,Basic,40,7.0
CUST0911,60,Female,96231,63,5,1274.33,6371.65,45,62,Grocery,Mumbai,Platinum,19,6.5
CUST0912,64,Female,51791,81,15,1721.19,25817.85,60,13,Electronics,Nashik,Gold,18,8.8
CUST0913,62,Female,23936,60,8,1014.34,8114.72,65,1,Home & Lifestyle,Pune,Basic,26,5.6
CUST0914,35,Male,87165,74,13,983.68,12787.84,71,56,Fashion,Mumbai,Basic,35,7.0
CUST0915,55,Female,49938,50,7,1044.76,7313.32,81,73,Grocery,Aurangabad,Silver,0,7.6
CUST0916,52,Male,82394,36,7,1426.89,9988.23,64,52,Fashion,Nashik,Basic,18,9.2
CUST0917,32,Female,21658,25,6,1432.59,8595.54,25,24,Grocery,Mumbai,Silver,16,7.2
CUST0918,42,Male,84637,100,16,1537.25,24596.0,45,180,Electronics,Nashik,Gold,43,8.6
CUST0919,54,Male,38354,29,8,1476.52,11812.16,100,29,Electronics,Aurangabad,Silver,13,8.3
CUST0920,45,Male,81077,75,13,985.78,12815.14,71,39,Electronics,Pune,Silver,28,7.4
CUST0921,27,Male,65314,83,11,1244.96,13694.56,100,72,Sports,Mumbai,Silver,28,5.6
CUST0922,56,Female,44013,32,8,1023.47,8187.76,86,28,Electronics,Aurangabad,Platinum,44,5.7
CUST0923,34,Female,56045,64,7,1239.77,8678.39,60,72,Home & Lifestyle,Pune,Platinum,44,8.1
CUST0924,56,Male,80099,88,11,1467.53,16142.83,62,11,Electronics,Nagpur,Silver,24,6.4
CUST0925,39,Other,67330,66,11,1523.26,16755.86,54,112,Electronics,Nashik,Basic,28,8.6
CUST0926,43,Male,77857,100,15,1350.13,20251.95,17,10,Grocery,Nagpur,Silver,15,8.3
CUST0927,61,Male,108482,54,11,1433.15,15764.65,55,92,Grocery,Mumbai,Basic,31,6.9
CUST0928,42,Male,30587,68,14,1200.22,16803.08,82,2,Sports,Mumbai,Silver,18,5.5
CUST0929,34,Female,100579,77,17,1181.97,20093.49,42,37,Sports,Nagpur,Silver,33,8.0
CUST0930,30,Female,67296,79,14,1333.79,18673.06,64,23,Home & Lifestyle,Pune,Basic,41,5.7
CUST0931,37,Male,45227,63,10,1194.58,11945.8,74,19,Grocery,Mumbai,Basic,44,6.1
CUST0932,42,Male,35733,38,13,1059.67,13775.71,35,8,Grocery,Pune,Silver,44,5.7
CUST0933,21,Female,60839,66,11,1306.04,14366.44,55,37,Fashion,Pune,Gold,53,7.0
CUST0934,27,Male,85276,40,12,1288.53,15462.36,43,6,Sports,Aurangabad,Silver,27,9.0
CUST0935,20,Female,62194,74,18,1202.89,21652.02,47,24,Grocery,Mumbai,Gold,41,7.2
CUST0936,58,Male,98245,85,16,1866.55,29864.8,27,9,Grocery,Aurangabad,Basic,30,6.5
CUST0937,62,Female,33074,61,9,842.38,7581.42,35,93,Fashion,Pune,Silver,43,4.9
CUST0938,35,Female,64734,83,15,1159.91,17398.65,86,1,Electronics,Nashik,Silver,41,8.0
CUST0939,64,Male,37447,58,16,2028.33,32453.28,35,7,Sports,Pune,Silver,40,6.0
CUST0940,53,Female,73000,71,10,1041.6,10416.0,58,8,Fashion,Kolhapur,Basic,36,7.4
CUST0941,64,Male,84512,57,14,925.41,12955.74,44,16,Grocery,Kolhapur,Silver,15,6.7
CUST0942,39,Male,55743,47,5,1425.57,7127.85,81,8,Electronics,Pune,Basic,14,8.5
CUST0943,51,Male,18000,64,7,536.86,3758.02,84,20,Beauty,Aurangabad,Basic,34,7.0
CUST0944,64,Female,69377,92,18,1355.55,24399.9,74,62,Electronics,Pune,Platinum,48,7.8
CUST0945,25,Female,74608,64,13,1973.57,25656.41,72,37,Beauty,Nashik,Basic,30,7.9
CUST0946,57,Female,73894,69,11,884.2,9726.2,50,26,Electronics,Aurangabad,Basic,47,10.0
CUST0947,61,Other,92187,60,8,771.97,6175.76,29,3,Beauty,Aurangabad,Silver,38,8.5
CUST0948,36,Male,41437,75,15,824.56,12368.4,98,36,Home & Lifestyle,Aurangabad,Gold,21,7.1
CUST0949,59,Male,79965,83,21,1691.4,35519.4,38,5,Electronics,Mumbai,Silver,45,7.2
CUST0950,58,Male,91235,100,11,1861.14,20472.54,70,46,Grocery,Pune,Gold,0,6.4
CUST0951,54,Male,25871,31,16,897.84,14365.44,78,29,Fashion,Pune,Gold,7,5.8
CUST0952,23,Male,72032,61,6,1515.06,9090.36,53,16,Electronics,Mumbai,Basic,21,6.4
CUST0953,43,Female,53908,63,12,1680.8,20169.6,78,13,Beauty,Kolhapur,Silver,13,6.0
CUST0954,51,Male,63207,75,13,1875.82,24385.66,72,59,Grocery,Pune,Basic,40,8.2
CUST0955,62,Female,72649,64,8,1250.05,10000.4,93,4,Fashion,Nagpur,Gold,29,5.6
CUST0956,23,Male,54281,44,14,498.4,6977.6,55,25,Electronics,Mumbai,Basic,41,9.2
CUST0957,54,Male,50134,73,13,1046.14,13599.82,27,5,Fashion,Mumbai,Basic,44,8.3
CUST0958,50,Male,65751,78,11,1231.21,13543.31,44,37,Beauty,Nagpur,Silver,11,7.2
CUST0959,39,Female,41081,37,20,1043.56,20871.2,60,71,Fashion,Mumbai,Silver,7,7.2
CUST0960,38,Female,41112,78,19,1228.98,23350.62,56,17,Sports,Kolhapur,Silver,31,6.4
CUST0961,23,Female,79946,92,16,1793.51,28696.16,56,20,Sports,Pune,Silver,16,7.6
CUST0962,23,Female,39727,55,9,1571.51,14143.59,23,79,Electronics,Kolhapur,Basic,11,8.8
CUST0963,65,Female,79659,72,17,1325.47,22532.99,65,22,Electronics,Pune,Silver,40,6.1
CUST0964,21,Male,75177,79,14,1721.08,24095.12,100,20,Beauty,Pune,Silver,46,4.9
CUST0965,47,Male,27032,32,10,1166.39,11663.9,65,46,Fashion,Nagpur,Platinum,48,9.0
CUST0966,28,Female,50094,58,16,1251.63,20026.08,78,35,Electronics,Kolhapur,Basic,38,7.7
CUST0967,47,Female,91270,37,14,1543.77,21612.78,68,3,Fashion,Pune,Gold,34,5.5
CUST0968,48,Female,43414,70,13,1281.92,16664.96,64,52,Grocery,Mumbai,Silver,46,6.1
CUST0969,41,Male,54783,32,9,1759.69,15837.21,75,37,Beauty,Nashik,Basic,25,5.9
CUST0970,26,Male,75165,96,15,1027.97,15419.55,74,2,Electronics,Pune,Gold,42,6.1
CUST0971,20,Male,82235,66,18,1206.15,21710.7,58,46,Electronics,Kolhapur,Basic,39,6.7
CUST0972,48,Male,59466,58,5,1222.44,6112.2,37,14,Sports,Kolhapur,Platinum,39,7.5
CUST0973,57,Other,51855,47,3,1325.4,3976.2,50,3,Home & Lifestyle,Pune,Gold,28,6.2
CUST0974,54,Male,96292,73,12,1811.26,21735.12,62,30,Grocery,Mumbai,Basic,54,6.1
CUST0975,53,Female,103256,100,14,1552.45,21734.3,48,64,Home & Lifestyle,Kolhapur,Basic,38,6.9
CUST0976,41,Male,86535,29,12,798.94,9587.28,62,86,Grocery,Mumbai,Silver,3,7.5
CUST0977,48,Female,66877,88,13,1655.39,21520.07,65,95,Home & Lifestyle,Nashik,Basic,57,6.7
CUST0978,23,Male,47218,62,13,1466.14,19059.82,83,61,Fashion,Pune,Basic,21,8.9
CUST0979,19,Female,46730,34,10,543.63,5436.3,93,20,Fashion,Nashik,Basic,54,8.0
CUST0980,37,Male,76495,50,10,1278.34,12783.4,57,14,Home & Lifestyle,Pune,Silver,24,4.8
CUST0981,45,Male,74205,99,12,991.57,11898.84,26,51,Grocery,Kolhapur,Basic,53,8.0
CUST0982,28,Male,95835,61,7,1182.11,8274.77,57,14,Sports,Mumbai,Gold,42,8.1
CUST0983,21,Male,79310,50,12,1017.09,12205.08,66,28,Fashion,Mumbai,Gold,31,6.5
CUST0984,32,Female,31932,70,16,1468.58,23497.28,15,28,Sports,Kolhapur,Silver,33,5.0
CUST0985,23,Female,88143,81,20,1473.48,29469.6,96,14,Sports,Pune,Gold,31,7.2
CUST0986,47,Female,43043,37,9,741.45,6673.05,58,70,Fashion,Mumbai,Basic,5,7.2
CUST0987,55,Female,56553,64,15,1539.68,23095.2,63,21,Beauty,Mumbai,Basic,37,5.5
CUST0988,19,Male,70504,48,6,823.37,4940.22,95,19,Grocery,Mumbai,Silver,8,5.0
CUST0989,32,Female,108905,100,20,1675.75,33515.0,41,180,Sports,Aurangabad,Silver,28,7.1
CUST0990,28,Male,133418,100,14,1406.05,19684.7,78,20,Grocery,Nagpur,Silver,8,6.9
CUST0991,25,Male,78348,80,16,1295.34,20725.44,63,6,Home & Lifestyle,Pune,Gold,7,6.6
CUST0992,43,Male,60970,69,11,1460.19,16062.09,51,22,Grocery,Nagpur,Platinum,49,7.8
CUST0993,62,Female,76759,100,20,1636.71,32734.2,38,50,Fashion,Mumbai,Silver,41,5.5
CUST0994,61,Male,84528,73,23,1796.67,41323.41,92,45,Fashion,Aurangabad,Gold,25,6.5
CUST0995,22,Male,57945,40,10,1159.16,11591.6,57,47,Grocery,Mumbai,Basic,38,8.0
CUST0996,23,Female,104495,90,14,1615.42,22615.88,80,37,Home & Lifestyle,Nashik,Basic,31,6.7
CUST0997,43,Male,70062,100,15,1328.86,19932.9,14,9,Grocery,Mumbai,Gold,34,4.7
CUST0998,21,Male,75950,51,11,1336.45,14700.95,91,59,Home & Lifestyle,Mumbai,Silver,15,6.5
CUST0999,36,Female,79650,64,14,1476.8,20675.2,78,67,Fashion,Mumbai,Silver,40,5.6
CUST1000,37,Male,74275,76,12,1347.33,16167.96,57,6,Grocery,Pune,Basic,31,7.6
